seed,episodes,food_delivered,food_picked_up,food_discovered,pheromone_usage,food_source_respawns,food_units_remaining,episode_length,checkpoint_dir
0,1,4.0,6.0,6.0,0.22835264394886814,1.0,10.0,800.0,checkpoints/mappo_g/latest
1,1,0.0,0.0,0.0,0.0,0.0,12.0,800.0,checkpoints/mappo_g/latest
2,1,2.0,4.0,4.0,0.15085863060869695,1.0,12.0,800.0,checkpoints/mappo_g/latest
3,1,5.0,5.0,5.0,0.16939125866570975,1.0,11.0,800.0,checkpoints/mappo_g/latest
4,1,2.0,4.0,4.0,0.08737145862255906,0.0,8.0,800.0,checkpoints/mappo_g/latest
5,1,0.0,0.0,0.0,0.0,0.0,12.0,800.0,checkpoints/mappo_g/latest
6,1,0.0,0.0,0.0,0.0,0.0,12.0,800.0,checkpoints/mappo_g/latest
7,1,1.0,3.0,3.0,0.1176126474936124,0.0,9.0,800.0,checkpoints/mappo_g/latest
8,1,0.0,0.0,0.0,0.0,0.0,12.0,800.0,checkpoints/mappo_g/latest
9,1,0.0,0.0,0.0,0.0,0.0,12.0,800.0,checkpoints/mappo_g/latest
10,1,2.0,4.0,4.0,0.11338644619450253,1.0,12.0,800.0,checkpoints/mappo_g/latest
11,1,4.0,6.0,6.0,0.07189789832892227,1.0,10.0,800.0,checkpoints/mappo_g/latest
12,1,1.0,1.0,1.0,0.0396842174547055,0.0,11.0,800.0,checkpoints/mappo_g/latest
13,1,1.0,1.0,1.0,0.07248424174201014,0.0,11.0,800.0,checkpoints/mappo_g/latest
14,1,0.0,0.0,0.0,0.0,0.0,12.0,800.0,checkpoints/mappo_g/latest
15,1,0.0,0.0,0.0,0.0,0.0,12.0,800.0,checkpoints/mappo_g/latest
16,1,4.0,4.0,4.0,0.1384657093083418,1.0,12.0,800.0,checkpoints/mappo_g/latest
17,1,3.0,4.0,4.0,0.0942512937106585,1.0,12.0,800.0,checkpoints/mappo_g/latest
18,1,0.0,0.0,0.0,0.0,0.0,12.0,800.0,checkpoints/mappo_g/latest
19,1,4.0,4.0,4.0,0.01994410656159744,1.0,12.0,800.0,checkpoints/mappo_g/latest
20,1,4.0,4.0,4.0,0.1609942304580424,1.0,12.0,800.0,checkpoints/mappo_g/latest
21,1,6.0,6.0,6.0,0.13121115034261796,1.0,10.0,800.0,checkpoints/mappo_g/latest
22,1,4.0,4.0,4.0,0.025409899269555655,1.0,12.0,800.0,checkpoints/mappo_g/latest
23,1,4.0,4.0,4.0,0.10778814845121815,1.0,12.0,800.0,checkpoints/mappo_g/latest
24,1,8.0,9.0,9.0,0.10226617304519701,2.0,11.0,800.0,checkpoints/mappo_g/latest
25,1,0.0,0.0,0.0,0.0,0.0,12.0,800.0,checkpoints/mappo_g/latest
26,1,0.0,0.0,0.0,0.0,0.0,12.0,800.0,checkpoints/mappo_g/latest
27,1,1.0,1.0,1.0,0.04793041886233065,0.0,11.0,800.0,checkpoints/mappo_g/latest
28,1,1.0,1.0,1.0,0.02831780547739375,0.0,11.0,800.0,checkpoints/mappo_g/latest
29,1,3.0,3.0,3.0,0.05313858509961089,0.0,9.0,800.0,checkpoints/mappo_g/latest
30,1,3.0,5.0,5.0,0.15490649126488887,1.0,11.0,800.0,checkpoints/mappo_g/latest
31,1,9.0,10.0,10.0,0.12119005209078751,2.0,10.0,800.0,checkpoints/mappo_g/latest
32,1,1.0,1.0,1.0,0.0353675795943127,0.0,11.0,800.0,checkpoints/mappo_g/latest
33,1,0.0,0.0,0.0,0.0,0.0,12.0,800.0,checkpoints/mappo_g/latest
34,1,6.0,6.0,6.0,0.06233670526346638,1.0,10.0,800.0,checkpoints/mappo_g/latest
35,1,0.0,0.0,0.0,0.0,0.0,12.0,800.0,checkpoints/mappo_g/latest
36,1,8.0,8.0,8.0,0.1422414391832596,2.0,12.0,800.0,checkpoints/mappo_g/latest
37,1,8.0,8.0,8.0,0.19818405766955646,2.0,12.0,800.0,checkpoints/mappo_g/latest
38,1,0.0,0.0,0.0,0.0,0.0,12.0,800.0,checkpoints/mappo_g/latest
39,1,3.0,3.0,3.0,0.1153233978930075,0.0,9.0,800.0,checkpoints/mappo_g/latest
40,1,11.0,12.0,12.0,0.09209444679892234,3.0,12.0,800.0,checkpoints/mappo_g/latest
41,1,4.0,4.0,4.0,0.1157500124179205,1.0,12.0,800.0,checkpoints/mappo_g/latest
42,1,0.0,0.0,0.0,0.0,0.0,12.0,800.0,checkpoints/mappo_g/latest
43,1,0.0,1.0,1.0,0.05871080228180896,0.0,11.0,800.0,checkpoints/mappo_g/latest
44,1,4.0,4.0,4.0,0.06514200578065356,1.0,12.0,800.0,checkpoints/mappo_g/latest
45,1,12.0,12.0,12.0,0.17127076414293094,3.0,12.0,800.0,checkpoints/mappo_g/latest
46,1,5.0,5.0,5.0,0.18605814567625203,1.0,11.0,800.0,checkpoints/mappo_g/latest
47,1,1.0,1.0,1.0,0.022630063742860026,0.0,11.0,800.0,checkpoints/mappo_g/latest
48,1,1.0,1.0,1.0,0.11660508433262294,0.0,11.0,800.0,checkpoints/mappo_g/latest
49,1,0.0,0.0,0.0,0.0,0.0,12.0,800.0,checkpoints/mappo_g/latest
50,1,0.0,0.0,0.0,0.0,0.0,12.0,800.0,checkpoints/mappo_g/latest
51,1,9.0,9.0,9.0,0.10617713523839484,2.0,11.0,800.0,checkpoints/mappo_g/latest
52,1,3.0,5.0,5.0,0.15752924176268912,1.0,11.0,800.0,checkpoints/mappo_g/latest
53,1,0.0,1.0,1.0,0.09644744947353803,0.0,11.0,800.0,checkpoints/mappo_g/latest
54,1,2.0,2.0,2.0,0.10146367346769694,0.0,10.0,800.0,checkpoints/mappo_g/latest
55,1,1.0,1.0,1.0,0.013302818382314095,0.0,11.0,800.0,checkpoints/mappo_g/latest
56,1,0.0,0.0,0.0,0.0,0.0,12.0,800.0,checkpoints/mappo_g/latest
57,1,4.0,4.0,4.0,0.09085358932285698,1.0,12.0,800.0,checkpoints/mappo_g/latest
58,1,9.0,9.0,9.0,0.20146125576384896,2.0,11.0,800.0,checkpoints/mappo_g/latest
59,1,0.0,0.0,0.0,0.0,0.0,12.0,800.0,checkpoints/mappo_g/latest
60,1,0.0,0.0,0.0,0.0,0.0,12.0,800.0,checkpoints/mappo_g/latest
61,1,7.0,7.0,7.0,0.06175764090947875,1.0,9.0,800.0,checkpoints/mappo_g/latest
62,1,0.0,0.0,0.0,0.0,0.0,12.0,800.0,checkpoints/mappo_g/latest
63,1,1.0,1.0,1.0,0.060609925920374126,0.0,11.0,800.0,checkpoints/mappo_g/latest
64,1,2.0,2.0,2.0,0.060852485839131984,0.0,10.0,800.0,checkpoints/mappo_g/latest
65,1,4.0,4.0,4.0,0.14381180747854766,1.0,12.0,800.0,checkpoints/mappo_g/latest
66,1,8.0,8.0,8.0,0.10535721070391446,2.0,12.0,800.0,checkpoints/mappo_g/latest
67,1,0.0,0.0,0.0,0.0,0.0,12.0,800.0,checkpoints/mappo_g/latest
68,1,3.0,4.0,4.0,0.06748368755672952,1.0,12.0,800.0,checkpoints/mappo_g/latest
69,1,8.0,8.0,8.0,0.11038068527845706,2.0,12.0,800.0,checkpoints/mappo_g/latest
70,1,0.0,0.0,0.0,0.0,0.0,12.0,800.0,checkpoints/mappo_g/latest
71,1,0.0,1.0,1.0,0.1470368902088133,0.0,11.0,800.0,checkpoints/mappo_g/latest
72,1,3.0,3.0,3.0,0.05855697281779916,0.0,9.0,800.0,checkpoints/mappo_g/latest
73,1,0.0,0.0,0.0,0.0,0.0,12.0,800.0,checkpoints/mappo_g/latest
74,1,0.0,0.0,0.0,0.0,0.0,12.0,800.0,checkpoints/mappo_g/latest
75,1,1.0,1.0,1.0,0.03111150774777343,0.0,11.0,800.0,checkpoints/mappo_g/latest
76,1,0.0,0.0,0.0,0.0,0.0,12.0,800.0,checkpoints/mappo_g/latest
77,1,0.0,0.0,0.0,0.0,0.0,12.0,800.0,checkpoints/mappo_g/latest
78,1,0.0,0.0,0.0,0.0,0.0,12.0,800.0,checkpoints/mappo_g/latest
79,1,0.0,0.0,0.0,0.0,0.0,12.0,800.0,checkpoints/mappo_g/latest
80,1,0.0,0.0,0.0,0.0,0.0,12.0,800.0,checkpoints/mappo_g/latest
81,1,4.0,4.0,4.0,0.15476352135491955,1.0,12.0,800.0,checkpoints/mappo_g/latest
82,1,4.0,4.0,4.0,0.09862653024007159,1.0,12.0,800.0,checkpoints/mappo_g/latest
83,1,1.0,1.0,1.0,0.06721687105541302,0.0,11.0,800.0,checkpoints/mappo_g/latest
84,1,5.0,5.0,5.0,0.2350864665627887,1.0,11.0,800.0,checkpoints/mappo_g/latest
85,1,4.0,5.0,5.0,0.07855467153346883,1.0,11.0,800.0,checkpoints/mappo_g/latest
86,1,2.0,2.0,2.0,0.021988471631242037,0.0,10.0,800.0,checkpoints/mappo_g/latest
87,1,2.0,3.0,3.0,0.04396131712414595,0.0,9.0,800.0,checkpoints/mappo_g/latest
88,1,0.0,0.0,0.0,0.0,0.0,12.0,800.0,checkpoints/mappo_g/latest
89,1,1.0,3.0,3.0,0.14269284731284038,0.0,9.0,800.0,checkpoints/mappo_g/latest
90,1,0.0,0.0,0.0,0.0,0.0,12.0,800.0,checkpoints/mappo_g/latest
91,1,5.0,6.0,6.0,0.07674589112876372,1.0,10.0,800.0,checkpoints/mappo_g/latest
92,1,1.0,1.0,1.0,0.050919948810818225,0.0,11.0,800.0,checkpoints/mappo_g/latest
93,1,4.0,4.0,4.0,0.03990947182609186,1.0,12.0,800.0,checkpoints/mappo_g/latest
94,1,0.0,1.0,1.0,0.07257360608058662,0.0,11.0,800.0,checkpoints/mappo_g/latest
95,1,1.0,1.0,1.0,0.04547474805059513,0.0,11.0,800.0,checkpoints/mappo_g/latest
96,1,1.0,1.0,1.0,0.072567361397887,0.0,11.0,800.0,checkpoints/mappo_g/latest
97,1,0.0,0.0,0.0,0.0,0.0,12.0,800.0,checkpoints/mappo_g/latest
98,1,1.0,1.0,1.0,0.039117351798449815,0.0,11.0,800.0,checkpoints/mappo_g/latest
99,1,2.0,3.0,3.0,0.06090739434228453,0.0,9.0,800.0,checkpoints/mappo_g/latest
100,1,3.0,6.0,6.0,0.21996869543353875,1.0,10.0,800.0,checkpoints/mappo_g/latest
101,1,1.0,1.0,1.0,0.022525997228003688,0.0,11.0,800.0,checkpoints/mappo_g/latest
102,1,0.0,0.0,0.0,0.0,0.0,12.0,800.0,checkpoints/mappo_g/latest
103,1,0.0,1.0,1.0,0.059203069802752,0.0,11.0,800.0,checkpoints/mappo_g/latest
104,1,0.0,0.0,0.0,0.0,0.0,12.0,800.0,checkpoints/mappo_g/latest
105,1,6.0,6.0,6.0,0.06360112796314449,1.0,10.0,800.0,checkpoints/mappo_g/latest
106,1,0.0,0.0,0.0,0.0,0.0,12.0,800.0,checkpoints/mappo_g/latest
107,1,6.0,10.0,10.0,0.12446724213365087,1.0,6.0,800.0,checkpoints/mappo_g/latest
108,1,1.0,1.0,1.0,0.018208397358782047,0.0,11.0,800.0,checkpoints/mappo_g/latest
109,1,0.0,0.0,0.0,0.0,0.0,12.0,800.0,checkpoints/mappo_g/latest
110,1,1.0,1.0,1.0,0.1806235307169967,0.0,11.0,800.0,checkpoints/mappo_g/latest
111,1,0.0,2.0,2.0,0.11234756725636544,0.0,10.0,800.0,checkpoints/mappo_g/latest
112,1,1.0,2.0,2.0,0.07812982478188739,0.0,10.0,800.0,checkpoints/mappo_g/latest
113,1,0.0,0.0,0.0,0.0,0.0,12.0,800.0,checkpoints/mappo_g/latest
114,1,0.0,0.0,0.0,0.0,0.0,12.0,800.0,checkpoints/mappo_g/latest
115,1,1.0,1.0,1.0,0.05394083889470494,0.0,11.0,800.0,checkpoints/mappo_g/latest
116,1,0.0,0.0,0.0,0.0,0.0,12.0,800.0,checkpoints/mappo_g/latest
117,1,6.0,6.0,6.0,0.11079536996655104,1.0,10.0,800.0,checkpoints/mappo_g/latest
118,1,6.0,6.0,6.0,0.08749712298927381,1.0,10.0,800.0,checkpoints/mappo_g/latest
119,1,4.0,4.0,4.0,0.02906853538971821,1.0,12.0,800.0,checkpoints/mappo_g/latest
120,1,0.0,0.0,0.0,0.0,0.0,12.0,800.0,checkpoints/mappo_g/latest
121,1,0.0,1.0,1.0,0.007004443622257288,0.0,11.0,800.0,checkpoints/mappo_g/latest
122,1,0.0,0.0,0.0,0.0,0.0,12.0,800.0,checkpoints/mappo_g/latest
123,1,0.0,0.0,0.0,0.0,0.0,12.0,800.0,checkpoints/mappo_g/latest
124,1,4.0,4.0,4.0,0.14079428442827824,1.0,12.0,800.0,checkpoints/mappo_g/latest
125,1,1.0,1.0,1.0,0.06326461505524397,0.0,11.0,800.0,checkpoints/mappo_g/latest
126,1,1.0,1.0,1.0,0.03418018262881863,0.0,11.0,800.0,checkpoints/mappo_g/latest
127,1,0.0,0.0,0.0,0.0,0.0,12.0,800.0,checkpoints/mappo_g/latest
128,1,0.0,0.0,0.0,0.0,0.0,12.0,800.0,checkpoints/mappo_g/latest
129,1,1.0,1.0,1.0,0.041664644647971726,0.0,11.0,800.0,checkpoints/mappo_g/latest
130,1,0.0,0.0,0.0,0.0,0.0,12.0,800.0,checkpoints/mappo_g/latest
131,1,0.0,0.0,0.0,0.0,0.0,12.0,800.0,checkpoints/mappo_g/latest
132,1,12.0,12.0,12.0,0.1504263754916125,3.0,12.0,800.0,checkpoints/mappo_g/latest
133,1,4.0,4.0,4.0,0.12504962081312743,1.0,12.0,800.0,checkpoints/mappo_g/latest
134,1,4.0,4.0,4.0,0.14532874297793263,1.0,12.0,800.0,checkpoints/mappo_g/latest
135,1,4.0,4.0,4.0,0.09894086179536922,1.0,12.0,800.0,checkpoints/mappo_g/latest
136,1,8.0,8.0,8.0,0.13133404812058871,2.0,12.0,800.0,checkpoints/mappo_g/latest
137,1,4.0,4.0,4.0,0.20769764655363057,1.0,12.0,800.0,checkpoints/mappo_g/latest
138,1,0.0,0.0,0.0,0.0,0.0,12.0,800.0,checkpoints/mappo_g/latest
139,1,5.0,5.0,5.0,0.040365855029807184,1.0,11.0,800.0,checkpoints/mappo_g/latest
140,1,0.0,0.0,0.0,0.0,0.0,12.0,800.0,checkpoints/mappo_g/latest
141,1,2.0,2.0,2.0,0.2513883318527708,0.0,10.0,800.0,checkpoints/mappo_g/latest
142,1,1.0,1.0,1.0,0.062462168336909,0.0,11.0,800.0,checkpoints/mappo_g/latest
143,1,0.0,0.0,0.0,0.0,0.0,12.0,800.0,checkpoints/mappo_g/latest
144,1,0.0,0.0,0.0,0.0,0.0,12.0,800.0,checkpoints/mappo_g/latest
145,1,0.0,0.0,0.0,0.0,0.0,12.0,800.0,checkpoints/mappo_g/latest
146,1,0.0,0.0,0.0,0.0,0.0,12.0,800.0,checkpoints/mappo_g/latest
147,1,0.0,0.0,0.0,0.0,0.0,12.0,800.0,checkpoints/mappo_g/latest
148,1,0.0,0.0,0.0,0.0,0.0,12.0,800.0,checkpoints/mappo_g/latest
149,1,4.0,5.0,5.0,0.16700852135817212,1.0,11.0,800.0,checkpoints/mappo_g/latest
150,1,3.0,5.0,5.0,0.1872395019743999,1.0,11.0,800.0,checkpoints/mappo_g/latest
151,1,1.0,1.0,1.0,0.0253773602259389,0.0,11.0,800.0,checkpoints/mappo_g/latest
152,1,0.0,0.0,0.0,0.0,0.0,12.0,800.0,checkpoints/mappo_g/latest
153,1,1.0,1.0,1.0,0.03644636267369303,0.0,11.0,800.0,checkpoints/mappo_g/latest
154,1,4.0,4.0,4.0,0.07882298707487886,1.0,12.0,800.0,checkpoints/mappo_g/latest
155,1,0.0,0.0,0.0,0.0,0.0,12.0,800.0,checkpoints/mappo_g/latest
156,1,0.0,0.0,0.0,0.0,0.0,12.0,800.0,checkpoints/mappo_g/latest
157,1,1.0,1.0,1.0,0.047816766311298116,0.0,11.0,800.0,checkpoints/mappo_g/latest
158,1,4.0,4.0,4.0,0.0587754186513242,1.0,12.0,800.0,checkpoints/mappo_g/latest
159,1,0.0,0.0,0.0,0.0,0.0,12.0,800.0,checkpoints/mappo_g/latest
160,1,2.0,2.0,2.0,0.07583066347491695,0.0,10.0,800.0,checkpoints/mappo_g/latest
161,1,0.0,0.0,0.0,0.0,0.0,12.0,800.0,checkpoints/mappo_g/latest
162,1,0.0,0.0,0.0,0.0,0.0,12.0,800.0,checkpoints/mappo_g/latest
163,1,3.0,3.0,3.0,0.2325978369392154,0.0,9.0,800.0,checkpoints/mappo_g/latest
164,1,0.0,0.0,0.0,0.0,0.0,12.0,800.0,checkpoints/mappo_g/latest
165,1,1.0,1.0,1.0,0.029665987475552057,0.0,11.0,800.0,checkpoints/mappo_g/latest
166,1,0.0,0.0,0.0,0.0,0.0,12.0,800.0,checkpoints/mappo_g/latest
167,1,0.0,0.0,0.0,0.0,0.0,12.0,800.0,checkpoints/mappo_g/latest
168,1,1.0,1.0,1.0,0.07876587441807109,0.0,11.0,800.0,checkpoints/mappo_g/latest
169,1,3.0,3.0,3.0,0.09029317253790094,0.0,9.0,800.0,checkpoints/mappo_g/latest
170,1,0.0,2.0,2.0,0.08040709361014403,0.0,10.0,800.0,checkpoints/mappo_g/latest
171,1,0.0,0.0,0.0,0.0,0.0,12.0,800.0,checkpoints/mappo_g/latest
172,1,0.0,0.0,0.0,0.0,0.0,12.0,800.0,checkpoints/mappo_g/latest
173,1,1.0,1.0,1.0,0.02500860095708049,0.0,11.0,800.0,checkpoints/mappo_g/latest
174,1,1.0,1.0,1.0,0.013311625428468688,0.0,11.0,800.0,checkpoints/mappo_g/latest
175,1,0.0,0.0,0.0,0.0,0.0,12.0,800.0,checkpoints/mappo_g/latest
176,1,5.0,5.0,5.0,0.12460340128420892,1.0,11.0,800.0,checkpoints/mappo_g/latest
177,1,4.0,4.0,4.0,0.12977498846867092,1.0,12.0,800.0,checkpoints/mappo_g/latest
178,1,4.0,5.0,5.0,0.17067507490936498,1.0,11.0,800.0,checkpoints/mappo_g/latest
179,1,4.0,4.0,4.0,0.052127873344191666,1.0,12.0,800.0,checkpoints/mappo_g/latest
180,1,1.0,1.0,1.0,0.06155384876554308,0.0,11.0,800.0,checkpoints/mappo_g/latest
181,1,4.0,4.0,4.0,0.08918146572490514,1.0,12.0,800.0,checkpoints/mappo_g/latest
182,1,0.0,0.0,0.0,0.0,0.0,12.0,800.0,checkpoints/mappo_g/latest
183,1,0.0,0.0,0.0,0.0,0.0,12.0,800.0,checkpoints/mappo_g/latest
184,1,0.0,0.0,0.0,0.0,0.0,12.0,800.0,checkpoints/mappo_g/latest
185,1,0.0,0.0,0.0,0.0,0.0,12.0,800.0,checkpoints/mappo_g/latest
186,1,0.0,0.0,0.0,0.0,0.0,12.0,800.0,checkpoints/mappo_g/latest
187,1,0.0,0.0,0.0,0.0,0.0,12.0,800.0,checkpoints/mappo_g/latest
188,1,4.0,4.0,4.0,0.020985942544939462,1.0,12.0,800.0,checkpoints/mappo_g/latest
189,1,0.0,0.0,0.0,0.0,0.0,12.0,800.0,checkpoints/mappo_g/latest
190,1,2.0,2.0,2.0,0.0231119330397875,0.0,10.0,800.0,checkpoints/mappo_g/latest
191,1,0.0,0.0,0.0,0.0,0.0,12.0,800.0,checkpoints/mappo_g/latest
192,1,0.0,0.0,0.0,0.0,0.0,12.0,800.0,checkpoints/mappo_g/latest
193,1,1.0,1.0,1.0,0.02495499309465231,0.0,11.0,800.0,checkpoints/mappo_g/latest
194,1,3.0,3.0,3.0,0.16328057429239073,0.0,9.0,800.0,checkpoints/mappo_g/latest
195,1,0.0,0.0,0.0,0.0,0.0,12.0,800.0,checkpoints/mappo_g/latest
196,1,2.0,2.0,2.0,0.1536249854250491,0.0,10.0,800.0,checkpoints/mappo_g/latest
197,1,0.0,0.0,0.0,0.0,0.0,12.0,800.0,checkpoints/mappo_g/latest
198,1,5.0,5.0,5.0,0.12693496340267302,1.0,11.0,800.0,checkpoints/mappo_g/latest
199,1,0.0,2.0,2.0,0.11286164785806856,0.0,10.0,800.0,checkpoints/mappo_g/latest
200,1,0.0,0.0,0.0,0.0,0.0,12.0,800.0,checkpoints/mappo_g/latest
201,1,4.0,4.0,4.0,0.1316737335969689,1.0,12.0,800.0,checkpoints/mappo_g/latest
202,1,2.0,2.0,2.0,0.03875106832262342,0.0,10.0,800.0,checkpoints/mappo_g/latest
203,1,0.0,0.0,0.0,0.0,0.0,12.0,800.0,checkpoints/mappo_g/latest
204,1,7.0,9.0,9.0,0.14864282432308148,2.0,11.0,800.0,checkpoints/mappo_g/latest
205,1,4.0,4.0,4.0,0.08494863250965863,1.0,12.0,800.0,checkpoints/mappo_g/latest
206,1,0.0,1.0,1.0,0.0696898861607527,0.0,11.0,800.0,checkpoints/mappo_g/latest
207,1,0.0,1.0,1.0,0.08203190578630407,0.0,11.0,800.0,checkpoints/mappo_g/latest
208,1,5.0,5.0,5.0,0.048503064917943754,1.0,11.0,800.0,checkpoints/mappo_g/latest
209,1,0.0,0.0,0.0,0.0,0.0,12.0,800.0,checkpoints/mappo_g/latest
210,1,0.0,0.0,0.0,0.0,0.0,12.0,800.0,checkpoints/mappo_g/latest
211,1,0.0,0.0,0.0,0.0,0.0,12.0,800.0,checkpoints/mappo_g/latest
212,1,2.0,4.0,4.0,0.1394617487259408,1.0,12.0,800.0,checkpoints/mappo_g/latest
213,1,1.0,1.0,1.0,0.017315161326478118,0.0,11.0,800.0,checkpoints/mappo_g/latest
214,1,4.0,4.0,4.0,0.06945234493534372,1.0,12.0,800.0,checkpoints/mappo_g/latest
215,1,1.0,3.0,3.0,0.1422297214035158,0.0,9.0,800.0,checkpoints/mappo_g/latest
216,1,5.0,5.0,5.0,0.16170742040943878,1.0,11.0,800.0,checkpoints/mappo_g/latest
217,1,4.0,4.0,4.0,0.14402958911226352,1.0,12.0,800.0,checkpoints/mappo_g/latest
218,1,3.0,4.0,4.0,0.06600028748313586,1.0,12.0,800.0,checkpoints/mappo_g/latest
219,1,1.0,1.0,1.0,0.034846767761725156,0.0,11.0,800.0,checkpoints/mappo_g/latest
220,1,3.0,4.0,4.0,0.057378694865680396,1.0,12.0,800.0,checkpoints/mappo_g/latest
221,1,3.0,4.0,4.0,0.08228529583894366,1.0,12.0,800.0,checkpoints/mappo_g/latest
222,1,0.0,0.0,0.0,0.0,0.0,12.0,800.0,checkpoints/mappo_g/latest
223,1,1.0,1.0,1.0,0.10195587648301928,0.0,11.0,800.0,checkpoints/mappo_g/latest
224,1,1.0,1.0,1.0,0.012367140537608066,0.0,11.0,800.0,checkpoints/mappo_g/latest
225,1,2.0,5.0,5.0,0.1777292176122137,1.0,11.0,800.0,checkpoints/mappo_g/latest
226,1,4.0,4.0,4.0,0.13077309136422022,1.0,12.0,800.0,checkpoints/mappo_g/latest
227,1,0.0,0.0,0.0,0.0,0.0,12.0,800.0,checkpoints/mappo_g/latest
228,1,0.0,0.0,0.0,0.0,0.0,12.0,800.0,checkpoints/mappo_g/latest
229,1,0.0,0.0,0.0,0.0,0.0,12.0,800.0,checkpoints/mappo_g/latest
230,1,2.0,2.0,2.0,0.06530712866411098,0.0,10.0,800.0,checkpoints/mappo_g/latest
231,1,5.0,5.0,5.0,0.06596951973891313,1.0,11.0,800.0,checkpoints/mappo_g/latest
232,1,7.0,8.0,8.0,0.08441104224684143,2.0,12.0,800.0,checkpoints/mappo_g/latest
233,1,1.0,1.0,1.0,0.04749746486708318,0.0,11.0,800.0,checkpoints/mappo_g/latest
234,1,2.0,2.0,2.0,0.16612682614693766,0.0,10.0,800.0,checkpoints/mappo_g/latest
235,1,0.0,0.0,0.0,0.0,0.0,12.0,800.0,checkpoints/mappo_g/latest
236,1,2.0,2.0,2.0,0.12873213426933944,0.0,10.0,800.0,checkpoints/mappo_g/latest
237,1,3.0,4.0,4.0,0.24111848928982604,0.0,8.0,800.0,checkpoints/mappo_g/latest
238,1,9.0,9.0,9.0,0.12776900076245512,2.0,11.0,800.0,checkpoints/mappo_g/latest
239,1,0.0,0.0,0.0,0.0,0.0,12.0,800.0,checkpoints/mappo_g/latest
240,1,0.0,0.0,0.0,0.0,0.0,12.0,800.0,checkpoints/mappo_g/latest
241,1,0.0,0.0,0.0,0.0,0.0,12.0,800.0,checkpoints/mappo_g/latest
242,1,1.0,1.0,1.0,0.05385794293504053,0.0,11.0,800.0,checkpoints/mappo_g/latest
243,1,0.0,0.0,0.0,0.0,0.0,12.0,800.0,checkpoints/mappo_g/latest
244,1,0.0,1.0,1.0,0.09084306366905366,0.0,11.0,800.0,checkpoints/mappo_g/latest
245,1,2.0,2.0,2.0,0.07564193478341621,0.0,10.0,800.0,checkpoints/mappo_g/latest
246,1,2.0,2.0,2.0,0.018900466511501388,0.0,10.0,800.0,checkpoints/mappo_g/latest
247,1,1.0,1.0,1.0,0.0283181042102539,0.0,11.0,800.0,checkpoints/mappo_g/latest
248,1,1.0,1.0,1.0,0.03755493321700973,0.0,11.0,800.0,checkpoints/mappo_g/latest
249,1,0.0,0.0,0.0,0.0,0.0,12.0,800.0,checkpoints/mappo_g/latest
250,1,3.0,3.0,3.0,0.1077344459645974,0.0,9.0,800.0,checkpoints/mappo_g/latest
251,1,12.0,12.0,12.0,0.1328074943035123,3.0,12.0,800.0,checkpoints/mappo_g/latest
252,1,0.0,0.0,0.0,0.0,0.0,12.0,800.0,checkpoints/mappo_g/latest
253,1,0.0,0.0,0.0,0.0,0.0,12.0,800.0,checkpoints/mappo_g/latest
254,1,1.0,1.0,1.0,0.03202938684914747,0.0,11.0,800.0,checkpoints/mappo_g/latest
255,1,0.0,0.0,0.0,0.0,0.0,12.0,800.0,checkpoints/mappo_g/latest
256,1,1.0,1.0,1.0,0.063905544505263,0.0,11.0,800.0,checkpoints/mappo_g/latest
257,1,4.0,5.0,5.0,0.11812772278670915,1.0,11.0,800.0,checkpoints/mappo_g/latest
258,1,4.0,4.0,4.0,0.0783697645923894,1.0,12.0,800.0,checkpoints/mappo_g/latest
259,1,2.0,2.0,2.0,0.09885909559293699,0.0,10.0,800.0,checkpoints/mappo_g/latest
260,1,1.0,1.0,1.0,0.03610953536093196,0.0,11.0,800.0,checkpoints/mappo_g/latest
261,1,0.0,0.0,0.0,0.0,0.0,12.0,800.0,checkpoints/mappo_g/latest
262,1,6.0,8.0,8.0,0.07368935761066192,2.0,12.0,800.0,checkpoints/mappo_g/latest
263,1,2.0,2.0,2.0,0.07538162226454005,0.0,10.0,800.0,checkpoints/mappo_g/latest
264,1,0.0,0.0,0.0,0.0,0.0,12.0,800.0,checkpoints/mappo_g/latest
265,1,4.0,4.0,4.0,0.08050427507740096,1.0,12.0,800.0,checkpoints/mappo_g/latest
266,1,0.0,0.0,0.0,0.0,0.0,12.0,800.0,checkpoints/mappo_g/latest
267,1,0.0,0.0,0.0,0.0,0.0,12.0,800.0,checkpoints/mappo_g/latest
268,1,1.0,1.0,1.0,0.06903362599514366,0.0,11.0,800.0,checkpoints/mappo_g/latest
269,1,0.0,0.0,0.0,0.0,0.0,12.0,800.0,checkpoints/mappo_g/latest
270,1,0.0,2.0,2.0,0.16486668791207193,0.0,10.0,800.0,checkpoints/mappo_g/latest
271,1,0.0,0.0,0.0,0.0,0.0,12.0,800.0,checkpoints/mappo_g/latest
272,1,0.0,0.0,0.0,0.0,0.0,12.0,800.0,checkpoints/mappo_g/latest
273,1,0.0,0.0,0.0,0.0,0.0,12.0,800.0,checkpoints/mappo_g/latest
274,1,0.0,0.0,0.0,0.0,0.0,12.0,800.0,checkpoints/mappo_g/latest
275,1,2.0,2.0,2.0,0.07247361040351583,0.0,10.0,800.0,checkpoints/mappo_g/latest
276,1,3.0,3.0,3.0,0.02764357926964294,0.0,9.0,800.0,checkpoints/mappo_g/latest
277,1,5.0,6.0,6.0,0.21983878082799493,1.0,10.0,800.0,checkpoints/mappo_g/latest
278,1,3.0,3.0,3.0,0.1245772657640191,0.0,9.0,800.0,checkpoints/mappo_g/latest
279,1,0.0,0.0,0.0,0.0,0.0,12.0,800.0,checkpoints/mappo_g/latest
280,1,0.0,0.0,0.0,0.0,0.0,12.0,800.0,checkpoints/mappo_g/latest
281,1,0.0,0.0,0.0,0.0,0.0,12.0,800.0,checkpoints/mappo_g/latest
282,1,2.0,2.0,2.0,0.08126969383961598,0.0,10.0,800.0,checkpoints/mappo_g/latest
283,1,0.0,0.0,0.0,0.0,0.0,12.0,800.0,checkpoints/mappo_g/latest
284,1,0.0,1.0,1.0,0.07571302245083643,0.0,11.0,800.0,checkpoints/mappo_g/latest
285,1,10.0,10.0,10.0,0.126325544703177,1.0,6.0,800.0,checkpoints/mappo_g/latest
286,1,1.0,1.0,1.0,0.007312153499102957,0.0,11.0,800.0,checkpoints/mappo_g/latest
287,1,0.0,0.0,0.0,0.0,0.0,12.0,800.0,checkpoints/mappo_g/latest
288,1,1.0,1.0,1.0,0.009508741669366525,0.0,11.0,800.0,checkpoints/mappo_g/latest
289,1,4.0,4.0,4.0,0.16095630812878275,1.0,12.0,800.0,checkpoints/mappo_g/latest
290,1,2.0,2.0,2.0,0.06382311344371071,0.0,10.0,800.0,checkpoints/mappo_g/latest
291,1,0.0,1.0,1.0,0.0009063772531226278,0.0,11.0,800.0,checkpoints/mappo_g/latest
292,1,8.0,8.0,8.0,0.17074883986098333,2.0,12.0,800.0,checkpoints/mappo_g/latest
293,1,0.0,0.0,0.0,0.0,0.0,12.0,800.0,checkpoints/mappo_g/latest
294,1,1.0,2.0,2.0,0.08938074308679159,0.0,10.0,800.0,checkpoints/mappo_g/latest
295,1,1.0,1.0,1.0,0.06566405488847522,0.0,11.0,800.0,checkpoints/mappo_g/latest
296,1,2.0,2.0,2.0,0.06746433378580453,0.0,10.0,800.0,checkpoints/mappo_g/latest
297,1,1.0,1.0,1.0,0.12464868333830964,0.0,11.0,800.0,checkpoints/mappo_g/latest
298,1,2.0,2.0,2.0,0.05864791549961713,0.0,10.0,800.0,checkpoints/mappo_g/latest
299,1,0.0,0.0,0.0,0.0,0.0,12.0,800.0,checkpoints/mappo_g/latest
300,1,1.0,1.0,1.0,0.0807523780026774,0.0,11.0,800.0,checkpoints/mappo_g/latest
301,1,1.0,1.0,1.0,0.05214678643496882,0.0,11.0,800.0,checkpoints/mappo_g/latest
302,1,0.0,0.0,0.0,0.0,0.0,12.0,800.0,checkpoints/mappo_g/latest
303,1,4.0,4.0,4.0,0.06865262128507311,1.0,12.0,800.0,checkpoints/mappo_g/latest
304,1,2.0,6.0,6.0,0.23044998628981073,0.0,6.0,800.0,checkpoints/mappo_g/latest
305,1,1.0,1.0,1.0,0.16995333455665484,0.0,11.0,800.0,checkpoints/mappo_g/latest
306,1,4.0,7.0,7.0,0.1978703445921807,1.0,9.0,800.0,checkpoints/mappo_g/latest
307,1,1.0,1.0,1.0,0.03514851189334877,0.0,11.0,800.0,checkpoints/mappo_g/latest
308,1,0.0,0.0,0.0,0.0,0.0,12.0,800.0,checkpoints/mappo_g/latest
309,1,0.0,0.0,0.0,0.0,0.0,12.0,800.0,checkpoints/mappo_g/latest
310,1,0.0,1.0,1.0,0.08303263698881588,0.0,11.0,800.0,checkpoints/mappo_g/latest
311,1,0.0,0.0,0.0,0.0,0.0,12.0,800.0,checkpoints/mappo_g/latest
312,1,0.0,0.0,0.0,0.0,0.0,12.0,800.0,checkpoints/mappo_g/latest
313,1,0.0,0.0,0.0,0.0,0.0,12.0,800.0,checkpoints/mappo_g/latest
314,1,5.0,5.0,5.0,0.11641868336681607,1.0,11.0,800.0,checkpoints/mappo_g/latest
315,1,0.0,0.0,0.0,0.0,0.0,12.0,800.0,checkpoints/mappo_g/latest
316,1,4.0,4.0,4.0,0.21753674168321596,1.0,12.0,800.0,checkpoints/mappo_g/latest
317,1,4.0,4.0,4.0,0.19843226652560894,1.0,12.0,800.0,checkpoints/mappo_g/latest
318,1,1.0,1.0,1.0,0.024892041651328328,0.0,11.0,800.0,checkpoints/mappo_g/latest
319,1,0.0,0.0,0.0,0.0,0.0,12.0,800.0,checkpoints/mappo_g/latest
320,1,0.0,0.0,0.0,0.0,0.0,12.0,800.0,checkpoints/mappo_g/latest
321,1,1.0,1.0,1.0,0.006973313539201626,0.0,11.0,800.0,checkpoints/mappo_g/latest
322,1,0.0,0.0,0.0,0.0,0.0,12.0,800.0,checkpoints/mappo_g/latest
323,1,0.0,0.0,0.0,0.0,0.0,12.0,800.0,checkpoints/mappo_g/latest
324,1,8.0,10.0,10.0,0.10919289637640758,2.0,10.0,800.0,checkpoints/mappo_g/latest
325,1,3.0,4.0,4.0,0.12885481733773002,1.0,12.0,800.0,checkpoints/mappo_g/latest
326,1,0.0,0.0,0.0,0.0,0.0,12.0,800.0,checkpoints/mappo_g/latest
327,1,1.0,1.0,1.0,0.03862174844859207,0.0,11.0,800.0,checkpoints/mappo_g/latest
328,1,1.0,1.0,1.0,0.029428121278518418,0.0,11.0,800.0,checkpoints/mappo_g/latest
329,1,0.0,0.0,0.0,0.0,0.0,12.0,800.0,checkpoints/mappo_g/latest
330,1,0.0,0.0,0.0,0.0,0.0,12.0,800.0,checkpoints/mappo_g/latest
331,1,0.0,1.0,1.0,0.09976243855914314,0.0,11.0,800.0,checkpoints/mappo_g/latest
332,1,1.0,1.0,1.0,0.0032553055987712774,0.0,11.0,800.0,checkpoints/mappo_g/latest
333,1,2.0,2.0,2.0,0.05887880244573655,0.0,10.0,800.0,checkpoints/mappo_g/latest
334,1,0.0,0.0,0.0,0.0,0.0,12.0,800.0,checkpoints/mappo_g/latest
335,1,0.0,0.0,0.0,0.0,0.0,12.0,800.0,checkpoints/mappo_g/latest
336,1,1.0,1.0,1.0,0.04491369634833973,0.0,11.0,800.0,checkpoints/mappo_g/latest
337,1,8.0,8.0,8.0,0.11656652394978058,2.0,12.0,800.0,checkpoints/mappo_g/latest
338,1,0.0,0.0,0.0,0.0,0.0,12.0,800.0,checkpoints/mappo_g/latest
339,1,0.0,0.0,0.0,0.0,0.0,12.0,800.0,checkpoints/mappo_g/latest
340,1,0.0,0.0,0.0,0.0,0.0,12.0,800.0,checkpoints/mappo_g/latest
341,1,1.0,1.0,1.0,0.14426666747021955,0.0,11.0,800.0,checkpoints/mappo_g/latest
342,1,0.0,0.0,0.0,0.0,0.0,12.0,800.0,checkpoints/mappo_g/latest
343,1,3.0,4.0,4.0,0.08793677031399665,1.0,12.0,800.0,checkpoints/mappo_g/latest
344,1,1.0,1.0,1.0,0.01466718302052565,0.0,11.0,800.0,checkpoints/mappo_g/latest
345,1,1.0,1.0,1.0,0.0419100675949206,0.0,11.0,800.0,checkpoints/mappo_g/latest
346,1,4.0,4.0,4.0,0.18803381459319404,1.0,12.0,800.0,checkpoints/mappo_g/latest
347,1,2.0,2.0,2.0,0.024347334323398778,0.0,10.0,800.0,checkpoints/mappo_g/latest
348,1,0.0,0.0,0.0,0.0,0.0,12.0,800.0,checkpoints/mappo_g/latest
349,1,0.0,0.0,0.0,0.0,0.0,12.0,800.0,checkpoints/mappo_g/latest
350,1,0.0,0.0,0.0,0.0,0.0,12.0,800.0,checkpoints/mappo_g/latest
351,1,0.0,0.0,0.0,0.0,0.0,12.0,800.0,checkpoints/mappo_g/latest
352,1,1.0,1.0,1.0,0.036874630654977716,0.0,11.0,800.0,checkpoints/mappo_g/latest
353,1,9.0,9.0,9.0,0.19770988199454828,2.0,11.0,800.0,checkpoints/mappo_g/latest
354,1,1.0,1.0,1.0,0.04952487034090154,0.0,11.0,800.0,checkpoints/mappo_g/latest
355,1,0.0,0.0,0.0,0.0,0.0,12.0,800.0,checkpoints/mappo_g/latest
356,1,3.0,3.0,3.0,0.09724688051376386,0.0,9.0,800.0,checkpoints/mappo_g/latest
357,1,0.0,0.0,0.0,0.0,0.0,12.0,800.0,checkpoints/mappo_g/latest
358,1,0.0,0.0,0.0,0.0,0.0,12.0,800.0,checkpoints/mappo_g/latest
359,1,0.0,0.0,0.0,0.0,0.0,12.0,800.0,checkpoints/mappo_g/latest
360,1,7.0,8.0,8.0,0.0991130795529898,2.0,12.0,800.0,checkpoints/mappo_g/latest
361,1,1.0,1.0,1.0,0.022038174333598972,0.0,11.0,800.0,checkpoints/mappo_g/latest
362,1,2.0,2.0,2.0,0.03447485705183984,0.0,10.0,800.0,checkpoints/mappo_g/latest
363,1,0.0,0.0,0.0,0.0,0.0,12.0,800.0,checkpoints/mappo_g/latest
364,1,4.0,4.0,4.0,0.09440966490093464,1.0,12.0,800.0,checkpoints/mappo_g/latest
365,1,1.0,1.0,1.0,0.09951559685991622,0.0,11.0,800.0,checkpoints/mappo_g/latest
366,1,0.0,0.0,0.0,0.0,0.0,12.0,800.0,checkpoints/mappo_g/latest
367,1,4.0,4.0,4.0,0.08547479028448529,1.0,12.0,800.0,checkpoints/mappo_g/latest
368,1,0.0,0.0,0.0,0.0,0.0,12.0,800.0,checkpoints/mappo_g/latest
369,1,4.0,4.0,4.0,0.069974826667955,1.0,12.0,800.0,checkpoints/mappo_g/latest
370,1,0.0,0.0,0.0,0.0,0.0,12.0,800.0,checkpoints/mappo_g/latest
371,1,0.0,0.0,0.0,0.0,0.0,12.0,800.0,checkpoints/mappo_g/latest
372,1,1.0,2.0,2.0,0.14040214239543275,0.0,10.0,800.0,checkpoints/mappo_g/latest
373,1,0.0,0.0,0.0,0.0,0.0,12.0,800.0,checkpoints/mappo_g/latest
374,1,4.0,4.0,4.0,0.146654819103181,1.0,12.0,800.0,checkpoints/mappo_g/latest
375,1,4.0,4.0,4.0,0.02136137828674691,1.0,12.0,800.0,checkpoints/mappo_g/latest
376,1,4.0,4.0,4.0,0.09926420693499191,1.0,12.0,800.0,checkpoints/mappo_g/latest
377,1,0.0,0.0,0.0,0.0,0.0,12.0,800.0,checkpoints/mappo_g/latest
378,1,5.0,5.0,5.0,0.131044389908202,1.0,11.0,800.0,checkpoints/mappo_g/latest
379,1,0.0,0.0,0.0,0.0,0.0,12.0,800.0,checkpoints/mappo_g/latest
380,1,4.0,4.0,4.0,0.13706943515338935,1.0,12.0,800.0,checkpoints/mappo_g/latest
381,1,1.0,1.0,1.0,0.020906732522610882,0.0,11.0,800.0,checkpoints/mappo_g/latest
382,1,0.0,0.0,0.0,0.0,0.0,12.0,800.0,checkpoints/mappo_g/latest
383,1,0.0,0.0,0.0,0.0,0.0,12.0,800.0,checkpoints/mappo_g/latest
384,1,3.0,3.0,3.0,0.09264558484925751,0.0,9.0,800.0,checkpoints/mappo_g/latest
385,1,1.0,1.0,1.0,0.027843231224517994,0.0,11.0,800.0,checkpoints/mappo_g/latest
386,1,1.0,1.0,1.0,0.013217116410111583,0.0,11.0,800.0,checkpoints/mappo_g/latest
387,1,5.0,6.0,6.0,0.09307946969912641,1.0,10.0,800.0,checkpoints/mappo_g/latest
388,1,1.0,2.0,2.0,0.11327438559255824,0.0,10.0,800.0,checkpoints/mappo_g/latest
389,1,9.0,9.0,9.0,0.09466247577317216,2.0,11.0,800.0,checkpoints/mappo_g/latest
390,1,0.0,0.0,0.0,0.0,0.0,12.0,800.0,checkpoints/mappo_g/latest
391,1,1.0,1.0,1.0,0.03241715022878755,0.0,11.0,800.0,checkpoints/mappo_g/latest
392,1,6.0,11.0,11.0,0.20275493649491785,2.0,9.0,800.0,checkpoints/mappo_g/latest
393,1,0.0,0.0,0.0,0.0,0.0,12.0,800.0,checkpoints/mappo_g/latest
394,1,0.0,0.0,0.0,0.0,0.0,12.0,800.0,checkpoints/mappo_g/latest
395,1,0.0,0.0,0.0,0.0,0.0,12.0,800.0,checkpoints/mappo_g/latest
396,1,1.0,4.0,4.0,0.19406620279337705,0.0,8.0,800.0,checkpoints/mappo_g/latest
397,1,5.0,5.0,5.0,0.1550475272816766,1.0,11.0,800.0,checkpoints/mappo_g/latest
398,1,4.0,7.0,7.0,0.12234974792210171,1.0,9.0,800.0,checkpoints/mappo_g/latest
399,1,12.0,12.0,12.0,0.08619719808516191,3.0,12.0,800.0,checkpoints/mappo_g/latest
400,1,0.0,0.0,0.0,0.0,0.0,12.0,800.0,checkpoints/mappo_g/latest
401,1,4.0,4.0,4.0,0.0772175529913875,1.0,12.0,800.0,checkpoints/mappo_g/latest
402,1,5.0,5.0,5.0,0.10468958862540603,1.0,11.0,800.0,checkpoints/mappo_g/latest
403,1,4.0,4.0,4.0,0.036416156714088474,1.0,12.0,800.0,checkpoints/mappo_g/latest
404,1,0.0,0.0,0.0,0.0,0.0,12.0,800.0,checkpoints/mappo_g/latest
405,1,1.0,1.0,1.0,0.06461028799116321,0.0,11.0,800.0,checkpoints/mappo_g/latest
406,1,0.0,0.0,0.0,0.0,0.0,12.0,800.0,checkpoints/mappo_g/latest
407,1,0.0,0.0,0.0,0.0,0.0,12.0,800.0,checkpoints/mappo_g/latest
408,1,0.0,0.0,0.0,0.0,0.0,12.0,800.0,checkpoints/mappo_g/latest
409,1,2.0,2.0,2.0,0.031219881766179847,0.0,10.0,800.0,checkpoints/mappo_g/latest
410,1,0.0,0.0,0.0,0.0,0.0,12.0,800.0,checkpoints/mappo_g/latest
411,1,1.0,1.0,1.0,0.02829155883682688,0.0,11.0,800.0,checkpoints/mappo_g/latest
412,1,0.0,0.0,0.0,0.0,0.0,12.0,800.0,checkpoints/mappo_g/latest
413,1,4.0,4.0,4.0,0.11407700608931919,1.0,12.0,800.0,checkpoints/mappo_g/latest
414,1,1.0,1.0,1.0,0.09546035595674766,0.0,11.0,800.0,checkpoints/mappo_g/latest
415,1,0.0,0.0,0.0,0.0,0.0,12.0,800.0,checkpoints/mappo_g/latest
416,1,0.0,0.0,0.0,0.0,0.0,12.0,800.0,checkpoints/mappo_g/latest
417,1,0.0,0.0,0.0,0.0,0.0,12.0,800.0,checkpoints/mappo_g/latest
418,1,0.0,0.0,0.0,0.0,0.0,12.0,800.0,checkpoints/mappo_g/latest
419,1,1.0,1.0,1.0,0.034728983219004785,0.0,11.0,800.0,checkpoints/mappo_g/latest
420,1,1.0,1.0,1.0,0.036224238265228144,0.0,11.0,800.0,checkpoints/mappo_g/latest
421,1,6.0,6.0,6.0,0.1324818173695773,0.0,6.0,800.0,checkpoints/mappo_g/latest
422,1,1.0,1.0,1.0,0.04746362960072777,0.0,11.0,800.0,checkpoints/mappo_g/latest
423,1,1.0,1.0,1.0,0.015336614014498387,0.0,11.0,800.0,checkpoints/mappo_g/latest
424,1,4.0,5.0,5.0,0.0560486043036508,1.0,11.0,800.0,checkpoints/mappo_g/latest
425,1,2.0,3.0,3.0,0.08307898516815232,0.0,9.0,800.0,checkpoints/mappo_g/latest
426,1,1.0,1.0,1.0,0.05422486277978653,0.0,11.0,800.0,checkpoints/mappo_g/latest
427,1,1.0,1.0,1.0,0.17211890124862594,0.0,11.0,800.0,checkpoints/mappo_g/latest
428,1,1.0,1.0,1.0,0.01098337949501001,0.0,11.0,800.0,checkpoints/mappo_g/latest
429,1,1.0,1.0,1.0,0.02332786723397779,0.0,11.0,800.0,checkpoints/mappo_g/latest
430,1,1.0,1.0,1.0,0.06657517387153349,0.0,11.0,800.0,checkpoints/mappo_g/latest
431,1,0.0,0.0,0.0,0.0,0.0,12.0,800.0,checkpoints/mappo_g/latest
432,1,3.0,4.0,4.0,0.07975259077131341,1.0,12.0,800.0,checkpoints/mappo_g/latest
433,1,0.0,0.0,0.0,0.0,0.0,12.0,800.0,checkpoints/mappo_g/latest
434,1,0.0,0.0,0.0,0.0,0.0,12.0,800.0,checkpoints/mappo_g/latest
435,1,0.0,0.0,0.0,0.0,0.0,12.0,800.0,checkpoints/mappo_g/latest
436,1,2.0,3.0,3.0,0.11895718894376234,0.0,9.0,800.0,checkpoints/mappo_g/latest
437,1,1.0,1.0,1.0,0.05204971339268621,0.0,11.0,800.0,checkpoints/mappo_g/latest
438,1,1.0,3.0,3.0,0.1694307938979667,0.0,9.0,800.0,checkpoints/mappo_g/latest
439,1,0.0,0.0,0.0,0.0,0.0,12.0,800.0,checkpoints/mappo_g/latest
440,1,1.0,1.0,1.0,0.04577327623439487,0.0,11.0,800.0,checkpoints/mappo_g/latest
441,1,4.0,4.0,4.0,0.13877262014416678,1.0,12.0,800.0,checkpoints/mappo_g/latest
442,1,2.0,3.0,3.0,0.1396469622170965,0.0,9.0,800.0,checkpoints/mappo_g/latest
443,1,1.0,1.0,1.0,0.030738017432073925,0.0,11.0,800.0,checkpoints/mappo_g/latest
444,1,1.0,1.0,1.0,0.07011563376482323,0.0,11.0,800.0,checkpoints/mappo_g/latest
445,1,0.0,0.0,0.0,0.0,0.0,12.0,800.0,checkpoints/mappo_g/latest
446,1,4.0,4.0,4.0,0.09976084817512554,1.0,12.0,800.0,checkpoints/mappo_g/latest
447,1,0.0,0.0,0.0,0.0,0.0,12.0,800.0,checkpoints/mappo_g/latest
448,1,0.0,0.0,0.0,0.0,0.0,12.0,800.0,checkpoints/mappo_g/latest
449,1,0.0,0.0,0.0,0.0,0.0,12.0,800.0,checkpoints/mappo_g/latest
450,1,0.0,0.0,0.0,0.0,0.0,12.0,800.0,checkpoints/mappo_g/latest
451,1,1.0,1.0,1.0,0.04467255126235008,0.0,11.0,800.0,checkpoints/mappo_g/latest
452,1,4.0,4.0,4.0,0.09693019165749624,1.0,12.0,800.0,checkpoints/mappo_g/latest
453,1,8.0,8.0,8.0,0.08819216542343687,2.0,12.0,800.0,checkpoints/mappo_g/latest
454,1,1.0,1.0,1.0,0.026559874289281048,0.0,11.0,800.0,checkpoints/mappo_g/latest
455,1,2.0,2.0,2.0,0.048451675083658004,0.0,10.0,800.0,checkpoints/mappo_g/latest
456,1,0.0,0.0,0.0,0.0,0.0,12.0,800.0,checkpoints/mappo_g/latest
457,1,1.0,1.0,1.0,0.025674651046841367,0.0,11.0,800.0,checkpoints/mappo_g/latest
458,1,0.0,0.0,0.0,0.0,0.0,12.0,800.0,checkpoints/mappo_g/latest
459,1,1.0,1.0,1.0,0.06310444071386884,0.0,11.0,800.0,checkpoints/mappo_g/latest
460,1,4.0,7.0,7.0,0.13790549727869802,1.0,9.0,800.0,checkpoints/mappo_g/latest
461,1,1.0,1.0,1.0,0.024892726531616064,0.0,11.0,800.0,checkpoints/mappo_g/latest
462,1,0.0,0.0,0.0,0.0,0.0,12.0,800.0,checkpoints/mappo_g/latest
463,1,0.0,0.0,0.0,0.0,0.0,12.0,800.0,checkpoints/mappo_g/latest
464,1,1.0,1.0,1.0,0.038532871937641176,0.0,11.0,800.0,checkpoints/mappo_g/latest
465,1,0.0,0.0,0.0,0.0,0.0,12.0,800.0,checkpoints/mappo_g/latest
466,1,0.0,0.0,0.0,0.0,0.0,12.0,800.0,checkpoints/mappo_g/latest
467,1,0.0,1.0,1.0,0.09231087546001314,0.0,11.0,800.0,checkpoints/mappo_g/latest
468,1,0.0,0.0,0.0,0.0,0.0,12.0,800.0,checkpoints/mappo_g/latest
469,1,0.0,0.0,0.0,0.0,0.0,12.0,800.0,checkpoints/mappo_g/latest
470,1,0.0,0.0,0.0,0.0,0.0,12.0,800.0,checkpoints/mappo_g/latest
471,1,0.0,0.0,0.0,0.0,0.0,12.0,800.0,checkpoints/mappo_g/latest
472,1,1.0,1.0,1.0,0.05145212731966845,0.0,11.0,800.0,checkpoints/mappo_g/latest
473,1,9.0,9.0,9.0,0.12703734397104807,2.0,11.0,800.0,checkpoints/mappo_g/latest
474,1,0.0,0.0,0.0,0.0,0.0,12.0,800.0,checkpoints/mappo_g/latest
475,1,0.0,0.0,0.0,0.0,0.0,12.0,800.0,checkpoints/mappo_g/latest
476,1,1.0,1.0,1.0,0.0409856902281293,0.0,11.0,800.0,checkpoints/mappo_g/latest
477,1,4.0,4.0,4.0,0.02067187139616484,1.0,12.0,800.0,checkpoints/mappo_g/latest
478,1,0.0,0.0,0.0,0.0,0.0,12.0,800.0,checkpoints/mappo_g/latest
479,1,0.0,0.0,0.0,0.0,0.0,12.0,800.0,checkpoints/mappo_g/latest
480,1,5.0,5.0,5.0,0.1059827023439963,1.0,11.0,800.0,checkpoints/mappo_g/latest
481,1,4.0,4.0,4.0,0.1154101858842235,1.0,12.0,800.0,checkpoints/mappo_g/latest
482,1,2.0,2.0,2.0,0.28334979908465663,0.0,10.0,800.0,checkpoints/mappo_g/latest
483,1,0.0,0.0,0.0,0.0,0.0,12.0,800.0,checkpoints/mappo_g/latest
484,1,0.0,0.0,0.0,0.0,0.0,12.0,800.0,checkpoints/mappo_g/latest
485,1,1.0,1.0,1.0,0.019056472146476152,0.0,11.0,800.0,checkpoints/mappo_g/latest
486,1,0.0,0.0,0.0,0.0,0.0,12.0,800.0,checkpoints/mappo_g/latest
487,1,1.0,1.0,1.0,0.011712452034407761,0.0,11.0,800.0,checkpoints/mappo_g/latest
488,1,0.0,0.0,0.0,0.0,0.0,12.0,800.0,checkpoints/mappo_g/latest
489,1,4.0,4.0,4.0,0.12949897196902993,1.0,12.0,800.0,checkpoints/mappo_g/latest
490,1,1.0,1.0,1.0,0.011449041115508103,0.0,11.0,800.0,checkpoints/mappo_g/latest
491,1,8.0,10.0,10.0,0.12590269440333943,2.0,10.0,800.0,checkpoints/mappo_g/latest
492,1,0.0,0.0,0.0,0.0,0.0,12.0,800.0,checkpoints/mappo_g/latest
493,1,0.0,0.0,0.0,0.0,0.0,12.0,800.0,checkpoints/mappo_g/latest
494,1,0.0,0.0,0.0,0.0,0.0,12.0,800.0,checkpoints/mappo_g/latest
495,1,0.0,0.0,0.0,0.0,0.0,12.0,800.0,checkpoints/mappo_g/latest
496,1,0.0,0.0,0.0,0.0,0.0,12.0,800.0,checkpoints/mappo_g/latest
497,1,1.0,7.0,7.0,0.27016852260712765,1.0,9.0,800.0,checkpoints/mappo_g/latest
498,1,0.0,0.0,0.0,0.0,0.0,12.0,800.0,checkpoints/mappo_g/latest
499,1,4.0,4.0,4.0,0.06038362935750532,1.0,12.0,800.0,checkpoints/mappo_g/latest
500,1,0.0,0.0,0.0,0.0,0.0,12.0,800.0,checkpoints/mappo_g/latest
501,1,1.0,1.0,1.0,0.04395554776575105,0.0,11.0,800.0,checkpoints/mappo_g/latest
502,1,0.0,0.0,0.0,0.0,0.0,12.0,800.0,checkpoints/mappo_g/latest
503,1,5.0,5.0,5.0,0.12113845260369999,1.0,11.0,800.0,checkpoints/mappo_g/latest
504,1,0.0,0.0,0.0,0.0,0.0,12.0,800.0,checkpoints/mappo_g/latest
505,1,3.0,4.0,4.0,0.14729667302686722,0.0,8.0,800.0,checkpoints/mappo_g/latest
506,1,0.0,0.0,0.0,0.0,0.0,12.0,800.0,checkpoints/mappo_g/latest
507,1,1.0,1.0,1.0,0.002090105546012637,0.0,11.0,800.0,checkpoints/mappo_g/latest
508,1,7.0,7.0,7.0,0.13808990159879614,1.0,9.0,800.0,checkpoints/mappo_g/latest
509,1,1.0,1.0,1.0,0.048899851103875944,0.0,11.0,800.0,checkpoints/mappo_g/latest
510,1,0.0,2.0,2.0,0.0688030371356581,0.0,10.0,800.0,checkpoints/mappo_g/latest
511,1,2.0,2.0,2.0,0.09712310841434374,0.0,10.0,800.0,checkpoints/mappo_g/latest
512,1,0.0,0.0,0.0,0.0,0.0,12.0,800.0,checkpoints/mappo_g/latest
513,1,6.0,7.0,7.0,0.1310238737034039,1.0,9.0,800.0,checkpoints/mappo_g/latest
514,1,0.0,0.0,0.0,0.0,0.0,12.0,800.0,checkpoints/mappo_g/latest
515,1,4.0,4.0,4.0,0.11021512360247772,1.0,12.0,800.0,checkpoints/mappo_g/latest
516,1,1.0,1.0,1.0,0.029171641403275616,0.0,11.0,800.0,checkpoints/mappo_g/latest
517,1,4.0,4.0,4.0,0.1285190619283579,1.0,12.0,800.0,checkpoints/mappo_g/latest
518,1,0.0,0.0,0.0,0.0,0.0,12.0,800.0,checkpoints/mappo_g/latest
519,1,0.0,0.0,0.0,0.0,0.0,12.0,800.0,checkpoints/mappo_g/latest
520,1,0.0,0.0,0.0,0.0,0.0,12.0,800.0,checkpoints/mappo_g/latest
521,1,4.0,4.0,4.0,0.14516384173697588,1.0,12.0,800.0,checkpoints/mappo_g/latest
522,1,0.0,0.0,0.0,0.0,0.0,12.0,800.0,checkpoints/mappo_g/latest
523,1,2.0,6.0,6.0,0.09985672661487721,1.0,10.0,800.0,checkpoints/mappo_g/latest
524,1,4.0,4.0,4.0,0.09001356251425023,1.0,12.0,800.0,checkpoints/mappo_g/latest
525,1,1.0,1.0,1.0,0.04015820237951023,0.0,11.0,800.0,checkpoints/mappo_g/latest
526,1,0.0,0.0,0.0,0.0,0.0,12.0,800.0,checkpoints/mappo_g/latest
527,1,0.0,0.0,0.0,0.0,0.0,12.0,800.0,checkpoints/mappo_g/latest
528,1,1.0,1.0,1.0,0.047135900389306096,0.0,11.0,800.0,checkpoints/mappo_g/latest
529,1,4.0,4.0,4.0,0.10319425893668571,1.0,12.0,800.0,checkpoints/mappo_g/latest
530,1,0.0,0.0,0.0,0.0,0.0,12.0,800.0,checkpoints/mappo_g/latest
531,1,0.0,0.0,0.0,0.0,0.0,12.0,800.0,checkpoints/mappo_g/latest
532,1,3.0,4.0,4.0,0.11047798792540561,1.0,12.0,800.0,checkpoints/mappo_g/latest
533,1,0.0,0.0,0.0,0.0,0.0,12.0,800.0,checkpoints/mappo_g/latest
534,1,0.0,0.0,0.0,0.0,0.0,12.0,800.0,checkpoints/mappo_g/latest
535,1,1.0,1.0,1.0,0.07793108087543561,0.0,11.0,800.0,checkpoints/mappo_g/latest
536,1,1.0,1.0,1.0,0.03219503891989007,0.0,11.0,800.0,checkpoints/mappo_g/latest
537,1,9.0,9.0,9.0,0.10888000567497028,2.0,11.0,800.0,checkpoints/mappo_g/latest
538,1,12.0,12.0,12.0,0.17869546189501612,3.0,12.0,800.0,checkpoints/mappo_g/latest
539,1,3.0,4.0,4.0,0.0645344960427974,1.0,12.0,800.0,checkpoints/mappo_g/latest
540,1,0.0,0.0,0.0,0.0,0.0,12.0,800.0,checkpoints/mappo_g/latest
541,1,1.0,1.0,1.0,0.03005927264248991,0.0,11.0,800.0,checkpoints/mappo_g/latest
542,1,1.0,1.0,1.0,0.028073971990270365,0.0,11.0,800.0,checkpoints/mappo_g/latest
543,1,0.0,0.0,0.0,0.0,0.0,12.0,800.0,checkpoints/mappo_g/latest
544,1,5.0,5.0,5.0,0.1604395706030603,1.0,11.0,800.0,checkpoints/mappo_g/latest
545,1,0.0,0.0,0.0,0.0,0.0,12.0,800.0,checkpoints/mappo_g/latest
546,1,0.0,0.0,0.0,0.0,0.0,12.0,800.0,checkpoints/mappo_g/latest
547,1,0.0,0.0,0.0,0.0,0.0,12.0,800.0,checkpoints/mappo_g/latest
548,1,0.0,1.0,1.0,0.07487622889659785,0.0,11.0,800.0,checkpoints/mappo_g/latest
549,1,1.0,1.0,1.0,0.042727569930236006,0.0,11.0,800.0,checkpoints/mappo_g/latest
550,1,5.0,6.0,6.0,0.09615857645968089,1.0,10.0,800.0,checkpoints/mappo_g/latest
551,1,1.0,1.0,1.0,0.05326084085409093,0.0,11.0,800.0,checkpoints/mappo_g/latest
552,1,5.0,5.0,5.0,0.09646932258880649,1.0,11.0,800.0,checkpoints/mappo_g/latest
553,1,0.0,0.0,0.0,0.0,0.0,12.0,800.0,checkpoints/mappo_g/latest
554,1,0.0,0.0,0.0,0.0,0.0,12.0,800.0,checkpoints/mappo_g/latest
555,1,0.0,0.0,0.0,0.0,0.0,12.0,800.0,checkpoints/mappo_g/latest
556,1,0.0,0.0,0.0,0.0,0.0,12.0,800.0,checkpoints/mappo_g/latest
557,1,0.0,0.0,0.0,0.0,0.0,12.0,800.0,checkpoints/mappo_g/latest
558,1,2.0,2.0,2.0,0.029190240890056885,0.0,10.0,800.0,checkpoints/mappo_g/latest
559,1,0.0,0.0,0.0,0.0,0.0,12.0,800.0,checkpoints/mappo_g/latest
560,1,4.0,5.0,5.0,0.06162812420204622,1.0,11.0,800.0,checkpoints/mappo_g/latest
561,1,9.0,9.0,9.0,0.16186699969056162,2.0,11.0,800.0,checkpoints/mappo_g/latest
562,1,1.0,1.0,1.0,0.11865964801407244,0.0,11.0,800.0,checkpoints/mappo_g/latest
563,1,4.0,4.0,4.0,0.09101141817103779,1.0,12.0,800.0,checkpoints/mappo_g/latest
564,1,4.0,4.0,4.0,0.18301134692028426,1.0,12.0,800.0,checkpoints/mappo_g/latest
565,1,0.0,0.0,0.0,0.0,0.0,12.0,800.0,checkpoints/mappo_g/latest
566,1,1.0,1.0,1.0,0.05630355950972444,0.0,11.0,800.0,checkpoints/mappo_g/latest
567,1,0.0,0.0,0.0,0.0,0.0,12.0,800.0,checkpoints/mappo_g/latest
568,1,4.0,5.0,5.0,0.16045039375386597,1.0,11.0,800.0,checkpoints/mappo_g/latest
569,1,10.0,12.0,12.0,0.16571899866491854,2.0,8.0,800.0,checkpoints/mappo_g/latest
570,1,4.0,4.0,4.0,0.0724497629387891,1.0,12.0,800.0,checkpoints/mappo_g/latest
571,1,6.0,8.0,8.0,0.11371672581408347,2.0,12.0,800.0,checkpoints/mappo_g/latest
572,1,0.0,0.0,0.0,0.0,0.0,12.0,800.0,checkpoints/mappo_g/latest
573,1,1.0,1.0,1.0,0.025408016978763045,0.0,11.0,800.0,checkpoints/mappo_g/latest
574,1,0.0,1.0,1.0,0.05507524764056143,0.0,11.0,800.0,checkpoints/mappo_g/latest
575,1,1.0,1.0,1.0,0.030802629258541856,0.0,11.0,800.0,checkpoints/mappo_g/latest
576,1,1.0,1.0,1.0,0.009562679190797401,0.0,11.0,800.0,checkpoints/mappo_g/latest
577,1,1.0,1.0,1.0,0.046726532674644355,0.0,11.0,800.0,checkpoints/mappo_g/latest
578,1,1.0,1.0,1.0,0.02600473923510435,0.0,11.0,800.0,checkpoints/mappo_g/latest
579,1,1.0,1.0,1.0,0.03802320677583339,0.0,11.0,800.0,checkpoints/mappo_g/latest
580,1,4.0,4.0,4.0,0.07519745004096573,1.0,12.0,800.0,checkpoints/mappo_g/latest
581,1,0.0,0.0,0.0,0.0,0.0,12.0,800.0,checkpoints/mappo_g/latest
582,1,0.0,0.0,0.0,0.0,0.0,12.0,800.0,checkpoints/mappo_g/latest
583,1,2.0,2.0,2.0,0.18945802649535232,0.0,10.0,800.0,checkpoints/mappo_g/latest
584,1,0.0,0.0,0.0,0.0,0.0,12.0,800.0,checkpoints/mappo_g/latest
585,1,0.0,0.0,0.0,0.0,0.0,12.0,800.0,checkpoints/mappo_g/latest
586,1,2.0,2.0,2.0,0.051665934472742564,0.0,10.0,800.0,checkpoints/mappo_g/latest
587,1,0.0,0.0,0.0,0.0,0.0,12.0,800.0,checkpoints/mappo_g/latest
588,1,4.0,4.0,4.0,0.08608168848276061,1.0,12.0,800.0,checkpoints/mappo_g/latest
589,1,4.0,4.0,4.0,0.06902433638333605,1.0,12.0,800.0,checkpoints/mappo_g/latest
590,1,1.0,1.0,1.0,0.04083332094126187,0.0,11.0,800.0,checkpoints/mappo_g/latest
591,1,0.0,0.0,0.0,0.0,0.0,12.0,800.0,checkpoints/mappo_g/latest
592,1,1.0,3.0,3.0,0.19066435008304927,0.0,9.0,800.0,checkpoints/mappo_g/latest
593,1,0.0,0.0,0.0,0.0,0.0,12.0,800.0,checkpoints/mappo_g/latest
594,1,0.0,0.0,0.0,0.0,0.0,12.0,800.0,checkpoints/mappo_g/latest
595,1,6.0,7.0,7.0,0.13573632715860487,1.0,9.0,800.0,checkpoints/mappo_g/latest
596,1,2.0,2.0,2.0,0.11562667213494325,0.0,10.0,800.0,checkpoints/mappo_g/latest
597,1,2.0,2.0,2.0,0.20153029240159717,0.0,10.0,800.0,checkpoints/mappo_g/latest
598,1,0.0,0.0,0.0,0.0,0.0,12.0,800.0,checkpoints/mappo_g/latest
599,1,3.0,3.0,3.0,0.11878754698108727,0.0,9.0,800.0,checkpoints/mappo_g/latest
600,1,0.0,0.0,0.0,0.0,0.0,12.0,800.0,checkpoints/mappo_g/latest
601,1,1.0,1.0,1.0,0.04523211331029112,0.0,11.0,800.0,checkpoints/mappo_g/latest
602,1,0.0,0.0,0.0,0.0,0.0,12.0,800.0,checkpoints/mappo_g/latest
603,1,1.0,1.0,1.0,0.08724069444820393,0.0,11.0,800.0,checkpoints/mappo_g/latest
604,1,4.0,4.0,4.0,0.1524963232940839,1.0,12.0,800.0,checkpoints/mappo_g/latest
605,1,0.0,0.0,0.0,0.0,0.0,12.0,800.0,checkpoints/mappo_g/latest
606,1,4.0,4.0,4.0,0.11295405709087694,1.0,12.0,800.0,checkpoints/mappo_g/latest
607,1,0.0,0.0,0.0,0.0,0.0,12.0,800.0,checkpoints/mappo_g/latest
608,1,2.0,2.0,2.0,0.03966098187690174,0.0,10.0,800.0,checkpoints/mappo_g/latest
609,1,3.0,3.0,3.0,0.04481889349410873,0.0,9.0,800.0,checkpoints/mappo_g/latest
610,1,2.0,2.0,2.0,0.11098217941579301,0.0,10.0,800.0,checkpoints/mappo_g/latest
611,1,9.0,10.0,10.0,0.10396052320876453,2.0,10.0,800.0,checkpoints/mappo_g/latest
612,1,4.0,4.0,4.0,0.10874387156802792,1.0,12.0,800.0,checkpoints/mappo_g/latest
613,1,0.0,0.0,0.0,0.0,0.0,12.0,800.0,checkpoints/mappo_g/latest
614,1,0.0,0.0,0.0,0.0,0.0,12.0,800.0,checkpoints/mappo_g/latest
615,1,0.0,0.0,0.0,0.0,0.0,12.0,800.0,checkpoints/mappo_g/latest
616,1,3.0,4.0,4.0,0.20444534456434968,0.0,8.0,800.0,checkpoints/mappo_g/latest
617,1,9.0,9.0,9.0,0.172289425622536,2.0,11.0,800.0,checkpoints/mappo_g/latest
618,1,0.0,0.0,0.0,0.0,0.0,12.0,800.0,checkpoints/mappo_g/latest
619,1,4.0,4.0,4.0,0.07014202220775284,1.0,12.0,800.0,checkpoints/mappo_g/latest
620,1,0.0,0.0,0.0,0.0,0.0,12.0,800.0,checkpoints/mappo_g/latest
621,1,1.0,1.0,1.0,0.15933502736326777,0.0,11.0,800.0,checkpoints/mappo_g/latest
622,1,0.0,0.0,0.0,0.0,0.0,12.0,800.0,checkpoints/mappo_g/latest
623,1,8.0,8.0,8.0,0.12553604729654277,2.0,12.0,800.0,checkpoints/mappo_g/latest
624,1,1.0,1.0,1.0,0.038544970443181226,0.0,11.0,800.0,checkpoints/mappo_g/latest
625,1,1.0,1.0,1.0,0.03978884041707109,0.0,11.0,800.0,checkpoints/mappo_g/latest
626,1,0.0,0.0,0.0,0.0,0.0,12.0,800.0,checkpoints/mappo_g/latest
627,1,0.0,0.0,0.0,0.0,0.0,12.0,800.0,checkpoints/mappo_g/latest
628,1,0.0,0.0,0.0,0.0,0.0,12.0,800.0,checkpoints/mappo_g/latest
629,1,3.0,3.0,3.0,0.15131799984504443,0.0,9.0,800.0,checkpoints/mappo_g/latest
630,1,0.0,0.0,0.0,0.0,0.0,12.0,800.0,checkpoints/mappo_g/latest
631,1,2.0,2.0,2.0,0.06292293821308703,0.0,10.0,800.0,checkpoints/mappo_g/latest
632,1,0.0,0.0,0.0,0.0,0.0,12.0,800.0,checkpoints/mappo_g/latest
633,1,8.0,8.0,8.0,0.07422018813929754,2.0,12.0,800.0,checkpoints/mappo_g/latest
634,1,0.0,0.0,0.0,0.0,0.0,12.0,800.0,checkpoints/mappo_g/latest
635,1,0.0,3.0,3.0,0.15033396085039083,0.0,9.0,800.0,checkpoints/mappo_g/latest
636,1,4.0,4.0,4.0,0.12797775111056886,1.0,12.0,800.0,checkpoints/mappo_g/latest
637,1,1.0,1.0,1.0,0.01475455331864699,0.0,11.0,800.0,checkpoints/mappo_g/latest
638,1,4.0,4.0,4.0,0.1410509321784836,1.0,12.0,800.0,checkpoints/mappo_g/latest
639,1,2.0,2.0,2.0,0.06898014525577309,0.0,10.0,800.0,checkpoints/mappo_g/latest
640,1,1.0,1.0,1.0,0.03758439309962948,0.0,11.0,800.0,checkpoints/mappo_g/latest
641,1,0.0,1.0,1.0,0.0897241174208466,0.0,11.0,800.0,checkpoints/mappo_g/latest
642,1,4.0,6.0,6.0,0.08401238419147074,1.0,10.0,800.0,checkpoints/mappo_g/latest
643,1,0.0,0.0,0.0,0.0,0.0,12.0,800.0,checkpoints/mappo_g/latest
644,1,1.0,1.0,1.0,0.02965888609948403,0.0,11.0,800.0,checkpoints/mappo_g/latest
645,1,0.0,0.0,0.0,0.0,0.0,12.0,800.0,checkpoints/mappo_g/latest
646,1,1.0,1.0,1.0,0.025611806344228775,0.0,11.0,800.0,checkpoints/mappo_g/latest
647,1,0.0,0.0,0.0,0.0,0.0,12.0,800.0,checkpoints/mappo_g/latest
648,1,0.0,0.0,0.0,0.0,0.0,12.0,800.0,checkpoints/mappo_g/latest
649,1,1.0,1.0,1.0,0.05553629106540029,0.0,11.0,800.0,checkpoints/mappo_g/latest
650,1,1.0,1.0,1.0,0.029324466233689835,0.0,11.0,800.0,checkpoints/mappo_g/latest
651,1,1.0,1.0,1.0,0.029855453963427862,0.0,11.0,800.0,checkpoints/mappo_g/latest
652,1,3.0,4.0,4.0,0.04817869265560149,1.0,12.0,800.0,checkpoints/mappo_g/latest
653,1,0.0,1.0,1.0,0.09477851994167093,0.0,11.0,800.0,checkpoints/mappo_g/latest
654,1,1.0,1.0,1.0,0.04326238593549837,0.0,11.0,800.0,checkpoints/mappo_g/latest
655,1,1.0,1.0,1.0,0.029172902879557414,0.0,11.0,800.0,checkpoints/mappo_g/latest
656,1,0.0,0.0,0.0,0.0,0.0,12.0,800.0,checkpoints/mappo_g/latest
657,1,0.0,0.0,0.0,0.0,0.0,12.0,800.0,checkpoints/mappo_g/latest
658,1,6.0,8.0,8.0,0.1141849101902335,2.0,12.0,800.0,checkpoints/mappo_g/latest
659,1,8.0,8.0,8.0,0.14791506993132014,2.0,12.0,800.0,checkpoints/mappo_g/latest
660,1,3.0,4.0,4.0,0.08798474561601324,1.0,12.0,800.0,checkpoints/mappo_g/latest
661,1,1.0,1.0,1.0,0.06097925771658387,0.0,11.0,800.0,checkpoints/mappo_g/latest
662,1,0.0,0.0,0.0,0.0,0.0,12.0,800.0,checkpoints/mappo_g/latest
663,1,1.0,1.0,1.0,0.043257224432600196,0.0,11.0,800.0,checkpoints/mappo_g/latest
664,1,1.0,1.0,1.0,0.049633831333679455,0.0,11.0,800.0,checkpoints/mappo_g/latest
665,1,1.0,1.0,1.0,0.03080097480977808,0.0,11.0,800.0,checkpoints/mappo_g/latest
666,1,4.0,4.0,4.0,0.1746574013474189,1.0,12.0,800.0,checkpoints/mappo_g/latest
667,1,0.0,0.0,0.0,0.0,0.0,12.0,800.0,checkpoints/mappo_g/latest
668,1,4.0,5.0,5.0,0.11179627295171184,1.0,11.0,800.0,checkpoints/mappo_g/latest
669,1,0.0,0.0,0.0,0.0,0.0,12.0,800.0,checkpoints/mappo_g/latest
670,1,0.0,0.0,0.0,0.0,0.0,12.0,800.0,checkpoints/mappo_g/latest
671,1,1.0,1.0,1.0,0.07796880887953496,0.0,11.0,800.0,checkpoints/mappo_g/latest
672,1,0.0,0.0,0.0,0.0,0.0,12.0,800.0,checkpoints/mappo_g/latest
673,1,0.0,0.0,0.0,0.0,0.0,12.0,800.0,checkpoints/mappo_g/latest
674,1,1.0,1.0,1.0,0.03362376711304629,0.0,11.0,800.0,checkpoints/mappo_g/latest
675,1,5.0,6.0,6.0,0.11284367999578535,1.0,10.0,800.0,checkpoints/mappo_g/latest
676,1,6.0,6.0,6.0,0.2994690630111169,1.0,10.0,800.0,checkpoints/mappo_g/latest
677,1,0.0,0.0,0.0,0.0,0.0,12.0,800.0,checkpoints/mappo_g/latest
678,1,1.0,1.0,1.0,0.14844476999288114,0.0,11.0,800.0,checkpoints/mappo_g/latest
679,1,0.0,0.0,0.0,0.0,0.0,12.0,800.0,checkpoints/mappo_g/latest
680,1,0.0,1.0,1.0,0.05970975744169361,0.0,11.0,800.0,checkpoints/mappo_g/latest
681,1,8.0,9.0,9.0,0.24268442508741522,2.0,11.0,800.0,checkpoints/mappo_g/latest
682,1,2.0,2.0,2.0,0.06991438174879779,0.0,10.0,800.0,checkpoints/mappo_g/latest
683,1,2.0,2.0,2.0,0.14791232277521582,0.0,10.0,800.0,checkpoints/mappo_g/latest
684,1,0.0,0.0,0.0,0.0,0.0,12.0,800.0,checkpoints/mappo_g/latest
685,1,0.0,2.0,2.0,0.1135905251611742,0.0,10.0,800.0,checkpoints/mappo_g/latest
686,1,0.0,0.0,0.0,0.0,0.0,12.0,800.0,checkpoints/mappo_g/latest
687,1,4.0,4.0,4.0,0.05050842312241002,1.0,12.0,800.0,checkpoints/mappo_g/latest
688,1,2.0,2.0,2.0,0.03643470139155397,0.0,10.0,800.0,checkpoints/mappo_g/latest
689,1,0.0,0.0,0.0,0.0,0.0,12.0,800.0,checkpoints/mappo_g/latest
690,1,7.0,8.0,8.0,0.09467595359354164,2.0,12.0,800.0,checkpoints/mappo_g/latest
691,1,0.0,0.0,0.0,0.0,0.0,12.0,800.0,checkpoints/mappo_g/latest
692,1,0.0,0.0,0.0,0.0,0.0,12.0,800.0,checkpoints/mappo_g/latest
693,1,0.0,0.0,0.0,0.0,0.0,12.0,800.0,checkpoints/mappo_g/latest
694,1,2.0,2.0,2.0,0.09865083845339541,0.0,10.0,800.0,checkpoints/mappo_g/latest
695,1,4.0,4.0,4.0,0.10107093518907885,1.0,12.0,800.0,checkpoints/mappo_g/latest
696,1,7.0,8.0,8.0,0.11752000280522529,2.0,12.0,800.0,checkpoints/mappo_g/latest
697,1,8.0,8.0,8.0,0.11911038889605453,2.0,12.0,800.0,checkpoints/mappo_g/latest
698,1,1.0,1.0,1.0,0.01154472103519462,0.0,11.0,800.0,checkpoints/mappo_g/latest
699,1,0.0,0.0,0.0,0.0,0.0,12.0,800.0,checkpoints/mappo_g/latest
700,1,0.0,0.0,0.0,0.0,0.0,12.0,800.0,checkpoints/mappo_g/latest
701,1,0.0,0.0,0.0,0.0,0.0,12.0,800.0,checkpoints/mappo_g/latest
702,1,1.0,1.0,1.0,0.044068341207748746,0.0,11.0,800.0,checkpoints/mappo_g/latest
703,1,0.0,1.0,1.0,0.07335951475452021,0.0,11.0,800.0,checkpoints/mappo_g/latest
704,1,1.0,1.0,1.0,0.03446402411575643,0.0,11.0,800.0,checkpoints/mappo_g/latest
705,1,0.0,0.0,0.0,0.0,0.0,12.0,800.0,checkpoints/mappo_g/latest
706,1,1.0,1.0,1.0,0.033928251197479165,0.0,11.0,800.0,checkpoints/mappo_g/latest
707,1,0.0,3.0,3.0,0.28876803581251204,0.0,9.0,800.0,checkpoints/mappo_g/latest
708,1,4.0,4.0,4.0,0.16431087212267204,1.0,12.0,800.0,checkpoints/mappo_g/latest
709,1,1.0,1.0,1.0,0.01842607443779949,0.0,11.0,800.0,checkpoints/mappo_g/latest
710,1,0.0,1.0,1.0,0.07882596305347155,0.0,11.0,800.0,checkpoints/mappo_g/latest
711,1,0.0,0.0,0.0,0.0,0.0,12.0,800.0,checkpoints/mappo_g/latest
712,1,0.0,0.0,0.0,0.0,0.0,12.0,800.0,checkpoints/mappo_g/latest
713,1,0.0,0.0,0.0,0.0,0.0,12.0,800.0,checkpoints/mappo_g/latest
714,1,0.0,0.0,0.0,0.0,0.0,12.0,800.0,checkpoints/mappo_g/latest
715,1,3.0,7.0,7.0,0.22646523791993484,1.0,9.0,800.0,checkpoints/mappo_g/latest
716,1,3.0,4.0,4.0,0.10799469273869666,1.0,12.0,800.0,checkpoints/mappo_g/latest
717,1,4.0,4.0,4.0,0.0854260990259839,1.0,12.0,800.0,checkpoints/mappo_g/latest
718,1,0.0,0.0,0.0,0.0,0.0,12.0,800.0,checkpoints/mappo_g/latest
719,1,4.0,4.0,4.0,0.10473903026112868,1.0,12.0,800.0,checkpoints/mappo_g/latest
720,1,1.0,1.0,1.0,0.02559917632737779,0.0,11.0,800.0,checkpoints/mappo_g/latest
721,1,1.0,1.0,1.0,0.01909239164805816,0.0,11.0,800.0,checkpoints/mappo_g/latest
722,1,2.0,2.0,2.0,0.11027360965767002,0.0,10.0,800.0,checkpoints/mappo_g/latest
723,1,0.0,0.0,0.0,0.0,0.0,12.0,800.0,checkpoints/mappo_g/latest
724,1,1.0,1.0,1.0,0.057736066336595594,0.0,11.0,800.0,checkpoints/mappo_g/latest
725,1,0.0,0.0,0.0,0.0,0.0,12.0,800.0,checkpoints/mappo_g/latest
726,1,1.0,1.0,1.0,0.04116337330866372,0.0,11.0,800.0,checkpoints/mappo_g/latest
727,1,5.0,5.0,5.0,0.1264842844696735,1.0,11.0,800.0,checkpoints/mappo_g/latest
728,1,0.0,0.0,0.0,0.0,0.0,12.0,800.0,checkpoints/mappo_g/latest
729,1,0.0,0.0,0.0,0.0,0.0,12.0,800.0,checkpoints/mappo_g/latest
730,1,4.0,4.0,4.0,0.1004885733520132,1.0,12.0,800.0,checkpoints/mappo_g/latest
731,1,4.0,4.0,4.0,0.09360771256889468,1.0,12.0,800.0,checkpoints/mappo_g/latest
732,1,0.0,0.0,0.0,0.0,0.0,12.0,800.0,checkpoints/mappo_g/latest
733,1,0.0,0.0,0.0,0.0,0.0,12.0,800.0,checkpoints/mappo_g/latest
734,1,0.0,0.0,0.0,0.0,0.0,12.0,800.0,checkpoints/mappo_g/latest
735,1,0.0,0.0,0.0,0.0,0.0,12.0,800.0,checkpoints/mappo_g/latest
736,1,4.0,4.0,4.0,0.19153379348704525,1.0,12.0,800.0,checkpoints/mappo_g/latest
737,1,1.0,1.0,1.0,0.05390063763644624,0.0,11.0,800.0,checkpoints/mappo_g/latest
738,1,4.0,5.0,5.0,0.08035386977531743,1.0,11.0,800.0,checkpoints/mappo_g/latest
739,1,0.0,0.0,0.0,0.0,0.0,12.0,800.0,checkpoints/mappo_g/latest
740,1,0.0,0.0,0.0,0.0,0.0,12.0,800.0,checkpoints/mappo_g/latest
741,1,5.0,5.0,5.0,0.09529495084325995,1.0,11.0,800.0,checkpoints/mappo_g/latest
742,1,1.0,1.0,1.0,0.017611437451802582,0.0,11.0,800.0,checkpoints/mappo_g/latest
743,1,0.0,0.0,0.0,0.0,0.0,12.0,800.0,checkpoints/mappo_g/latest
744,1,0.0,0.0,0.0,0.0,0.0,12.0,800.0,checkpoints/mappo_g/latest
745,1,4.0,4.0,4.0,0.09743831234369281,1.0,12.0,800.0,checkpoints/mappo_g/latest
746,1,0.0,0.0,0.0,0.0,0.0,12.0,800.0,checkpoints/mappo_g/latest
747,1,1.0,1.0,1.0,0.06713946357736858,0.0,11.0,800.0,checkpoints/mappo_g/latest
748,1,1.0,1.0,1.0,0.037460508515990414,0.0,11.0,800.0,checkpoints/mappo_g/latest
749,1,2.0,2.0,2.0,0.03306117840268902,0.0,10.0,800.0,checkpoints/mappo_g/latest
750,1,0.0,0.0,0.0,0.0,0.0,12.0,800.0,checkpoints/mappo_g/latest
751,1,8.0,8.0,8.0,0.1260091784646162,2.0,12.0,800.0,checkpoints/mappo_g/latest
752,1,5.0,5.0,5.0,0.0758528044779329,1.0,11.0,800.0,checkpoints/mappo_g/latest
753,1,1.0,1.0,1.0,0.03843265011625286,0.0,11.0,800.0,checkpoints/mappo_g/latest
754,1,1.0,1.0,1.0,0.07939677200412308,0.0,11.0,800.0,checkpoints/mappo_g/latest
755,1,0.0,0.0,0.0,0.0,0.0,12.0,800.0,checkpoints/mappo_g/latest
756,1,0.0,0.0,0.0,0.0,0.0,12.0,800.0,checkpoints/mappo_g/latest
757,1,1.0,1.0,1.0,0.10342616986773161,0.0,11.0,800.0,checkpoints/mappo_g/latest
758,1,1.0,1.0,1.0,0.05149357779405061,0.0,11.0,800.0,checkpoints/mappo_g/latest
759,1,2.0,3.0,3.0,0.12539601977990972,0.0,9.0,800.0,checkpoints/mappo_g/latest
760,1,0.0,0.0,0.0,0.0,0.0,12.0,800.0,checkpoints/mappo_g/latest
761,1,0.0,0.0,0.0,0.0,0.0,12.0,800.0,checkpoints/mappo_g/latest
762,1,5.0,5.0,5.0,0.08487196123825319,1.0,11.0,800.0,checkpoints/mappo_g/latest
763,1,0.0,0.0,0.0,0.0,0.0,12.0,800.0,checkpoints/mappo_g/latest
764,1,4.0,4.0,4.0,0.08878294474779977,1.0,12.0,800.0,checkpoints/mappo_g/latest
765,1,1.0,1.0,1.0,0.026890858453989495,0.0,11.0,800.0,checkpoints/mappo_g/latest
766,1,4.0,4.0,4.0,0.09878876956022092,1.0,12.0,800.0,checkpoints/mappo_g/latest
767,1,4.0,4.0,4.0,0.1231805548350652,1.0,12.0,800.0,checkpoints/mappo_g/latest
768,1,1.0,1.0,1.0,0.028878610017660927,0.0,11.0,800.0,checkpoints/mappo_g/latest
769,1,0.0,0.0,0.0,0.0,0.0,12.0,800.0,checkpoints/mappo_g/latest
770,1,0.0,0.0,0.0,0.0,0.0,12.0,800.0,checkpoints/mappo_g/latest
771,1,6.0,6.0,6.0,0.0777753822660937,1.0,10.0,800.0,checkpoints/mappo_g/latest
772,1,4.0,4.0,4.0,0.08268296821912373,1.0,12.0,800.0,checkpoints/mappo_g/latest
773,1,0.0,0.0,0.0,0.0,0.0,12.0,800.0,checkpoints/mappo_g/latest
774,1,1.0,1.0,1.0,0.01877897718111247,0.0,11.0,800.0,checkpoints/mappo_g/latest
775,1,0.0,0.0,0.0,0.0,0.0,12.0,800.0,checkpoints/mappo_g/latest
776,1,0.0,0.0,0.0,0.0,0.0,12.0,800.0,checkpoints/mappo_g/latest
777,1,8.0,8.0,8.0,0.08224805514801119,2.0,12.0,800.0,checkpoints/mappo_g/latest
778,1,0.0,3.0,3.0,0.23468450805652538,0.0,9.0,800.0,checkpoints/mappo_g/latest
779,1,0.0,0.0,0.0,0.0,0.0,12.0,800.0,checkpoints/mappo_g/latest
780,1,0.0,0.0,0.0,0.0,0.0,12.0,800.0,checkpoints/mappo_g/latest
781,1,8.0,8.0,8.0,0.13827679597635625,2.0,12.0,800.0,checkpoints/mappo_g/latest
782,1,0.0,0.0,0.0,0.0,0.0,12.0,800.0,checkpoints/mappo_g/latest
783,1,0.0,0.0,0.0,0.0,0.0,12.0,800.0,checkpoints/mappo_g/latest
784,1,0.0,1.0,1.0,0.0652336365086982,0.0,11.0,800.0,checkpoints/mappo_g/latest
785,1,2.0,3.0,3.0,0.13569089383131844,0.0,9.0,800.0,checkpoints/mappo_g/latest
786,1,1.0,1.0,1.0,0.03598483849928016,0.0,11.0,800.0,checkpoints/mappo_g/latest
787,1,6.0,7.0,7.0,0.05221731960887459,1.0,9.0,800.0,checkpoints/mappo_g/latest
788,1,0.0,0.0,0.0,0.0,0.0,12.0,800.0,checkpoints/mappo_g/latest
789,1,1.0,1.0,1.0,0.05183777550445181,0.0,11.0,800.0,checkpoints/mappo_g/latest
790,1,0.0,0.0,0.0,0.0,0.0,12.0,800.0,checkpoints/mappo_g/latest
791,1,2.0,2.0,2.0,0.044201332424030015,0.0,10.0,800.0,checkpoints/mappo_g/latest
792,1,1.0,1.0,1.0,0.07179855820162628,0.0,11.0,800.0,checkpoints/mappo_g/latest
793,1,0.0,0.0,0.0,0.0,0.0,12.0,800.0,checkpoints/mappo_g/latest
794,1,3.0,3.0,3.0,0.0478641593564195,0.0,9.0,800.0,checkpoints/mappo_g/latest
795,1,3.0,4.0,4.0,0.06796825688641547,1.0,12.0,800.0,checkpoints/mappo_g/latest
796,1,1.0,1.0,1.0,0.018712338207539383,0.0,11.0,800.0,checkpoints/mappo_g/latest
797,1,1.0,1.0,1.0,0.014226065098458397,0.0,11.0,800.0,checkpoints/mappo_g/latest
798,1,1.0,1.0,1.0,0.02505528524663532,0.0,11.0,800.0,checkpoints/mappo_g/latest
799,1,1.0,1.0,1.0,0.031453588515699564,0.0,11.0,800.0,checkpoints/mappo_g/latest
800,1,3.0,3.0,3.0,0.04216207920443898,0.0,9.0,800.0,checkpoints/mappo_g/latest
801,1,0.0,0.0,0.0,0.0,0.0,12.0,800.0,checkpoints/mappo_g/latest
802,1,7.0,7.0,7.0,0.12754981260899512,1.0,9.0,800.0,checkpoints/mappo_g/latest
803,1,0.0,0.0,0.0,0.0,0.0,12.0,800.0,checkpoints/mappo_g/latest
804,1,1.0,1.0,1.0,0.043051568285409306,0.0,11.0,800.0,checkpoints/mappo_g/latest
805,1,4.0,4.0,4.0,0.18230169802916257,1.0,12.0,800.0,checkpoints/mappo_g/latest
806,1,0.0,1.0,1.0,0.1157760496801105,0.0,11.0,800.0,checkpoints/mappo_g/latest
807,1,4.0,4.0,4.0,0.023904786824132315,1.0,12.0,800.0,checkpoints/mappo_g/latest
808,1,0.0,0.0,0.0,0.0,0.0,12.0,800.0,checkpoints/mappo_g/latest
809,1,0.0,0.0,0.0,0.0,0.0,12.0,800.0,checkpoints/mappo_g/latest
810,1,1.0,1.0,1.0,0.05350321495015426,0.0,11.0,800.0,checkpoints/mappo_g/latest
811,1,1.0,1.0,1.0,0.033559982230653984,0.0,11.0,800.0,checkpoints/mappo_g/latest
812,1,0.0,2.0,2.0,0.15918793153097796,0.0,10.0,800.0,checkpoints/mappo_g/latest
813,1,4.0,5.0,5.0,0.09199756446222938,1.0,11.0,800.0,checkpoints/mappo_g/latest
814,1,0.0,0.0,0.0,0.0,0.0,12.0,800.0,checkpoints/mappo_g/latest
815,1,4.0,5.0,5.0,0.07276623334072306,1.0,11.0,800.0,checkpoints/mappo_g/latest
816,1,0.0,0.0,0.0,0.0,0.0,12.0,800.0,checkpoints/mappo_g/latest
817,1,0.0,0.0,0.0,0.0,0.0,12.0,800.0,checkpoints/mappo_g/latest
818,1,0.0,0.0,0.0,0.0,0.0,12.0,800.0,checkpoints/mappo_g/latest
819,1,5.0,9.0,9.0,0.16533657887163522,2.0,11.0,800.0,checkpoints/mappo_g/latest
820,1,7.0,10.0,10.0,0.15126940143144263,2.0,10.0,800.0,checkpoints/mappo_g/latest
821,1,1.0,1.0,1.0,0.025938748634762306,0.0,11.0,800.0,checkpoints/mappo_g/latest
822,1,0.0,0.0,0.0,0.0,0.0,12.0,800.0,checkpoints/mappo_g/latest
823,1,0.0,0.0,0.0,0.0,0.0,12.0,800.0,checkpoints/mappo_g/latest
824,1,0.0,0.0,0.0,0.0,0.0,12.0,800.0,checkpoints/mappo_g/latest
825,1,5.0,6.0,6.0,0.1990469855033007,1.0,10.0,800.0,checkpoints/mappo_g/latest
826,1,3.0,4.0,4.0,0.07736092561584276,1.0,12.0,800.0,checkpoints/mappo_g/latest
827,1,2.0,2.0,2.0,0.14157672566765542,0.0,10.0,800.0,checkpoints/mappo_g/latest
828,1,1.0,1.0,1.0,0.04508257715041206,0.0,11.0,800.0,checkpoints/mappo_g/latest
829,1,1.0,2.0,2.0,0.0732766293428843,0.0,10.0,800.0,checkpoints/mappo_g/latest
830,1,2.0,2.0,2.0,0.1890902119942378,0.0,10.0,800.0,checkpoints/mappo_g/latest
831,1,0.0,0.0,0.0,0.0,0.0,12.0,800.0,checkpoints/mappo_g/latest
832,1,0.0,0.0,0.0,0.0,0.0,12.0,800.0,checkpoints/mappo_g/latest
833,1,0.0,0.0,0.0,0.0,0.0,12.0,800.0,checkpoints/mappo_g/latest
834,1,2.0,2.0,2.0,0.09027057855698027,0.0,10.0,800.0,checkpoints/mappo_g/latest
835,1,5.0,5.0,5.0,0.1128821865941548,1.0,11.0,800.0,checkpoints/mappo_g/latest
836,1,1.0,1.0,1.0,0.02401602373844071,0.0,11.0,800.0,checkpoints/mappo_g/latest
837,1,0.0,0.0,0.0,0.0,0.0,12.0,800.0,checkpoints/mappo_g/latest
838,1,1.0,1.0,1.0,0.030846471347807283,0.0,11.0,800.0,checkpoints/mappo_g/latest
839,1,4.0,4.0,4.0,0.07708181816209012,1.0,12.0,800.0,checkpoints/mappo_g/latest
840,1,3.0,4.0,4.0,0.016261727238137,0.0,8.0,800.0,checkpoints/mappo_g/latest
841,1,0.0,0.0,0.0,0.0,0.0,12.0,800.0,checkpoints/mappo_g/latest
842,1,1.0,1.0,1.0,0.027189005815453127,0.0,11.0,800.0,checkpoints/mappo_g/latest
843,1,2.0,3.0,3.0,0.14954246432920626,0.0,9.0,800.0,checkpoints/mappo_g/latest
844,1,0.0,0.0,0.0,0.0,0.0,12.0,800.0,checkpoints/mappo_g/latest
845,1,0.0,0.0,0.0,0.0,0.0,12.0,800.0,checkpoints/mappo_g/latest
846,1,1.0,1.0,1.0,0.06772448910172292,0.0,11.0,800.0,checkpoints/mappo_g/latest
847,1,0.0,0.0,0.0,0.0,0.0,12.0,800.0,checkpoints/mappo_g/latest
848,1,0.0,0.0,0.0,0.0,0.0,12.0,800.0,checkpoints/mappo_g/latest
849,1,4.0,4.0,4.0,0.1383832807223856,1.0,12.0,800.0,checkpoints/mappo_g/latest
850,1,1.0,2.0,2.0,0.08469109402272199,0.0,10.0,800.0,checkpoints/mappo_g/latest
851,1,1.0,1.0,1.0,0.04729336877857955,0.0,11.0,800.0,checkpoints/mappo_g/latest
852,1,2.0,2.0,2.0,0.052130803817344716,0.0,10.0,800.0,checkpoints/mappo_g/latest
853,1,4.0,4.0,4.0,0.053437595563931,1.0,12.0,800.0,checkpoints/mappo_g/latest
854,1,0.0,0.0,0.0,0.0,0.0,12.0,800.0,checkpoints/mappo_g/latest
855,1,0.0,0.0,0.0,0.0,0.0,12.0,800.0,checkpoints/mappo_g/latest
856,1,1.0,1.0,1.0,0.03144972852353628,0.0,11.0,800.0,checkpoints/mappo_g/latest
857,1,1.0,1.0,1.0,0.04321579457081195,0.0,11.0,800.0,checkpoints/mappo_g/latest
858,1,0.0,0.0,0.0,0.0,0.0,12.0,800.0,checkpoints/mappo_g/latest
859,1,1.0,1.0,1.0,0.04588235433819743,0.0,11.0,800.0,checkpoints/mappo_g/latest
860,1,0.0,0.0,0.0,0.0,0.0,12.0,800.0,checkpoints/mappo_g/latest
861,1,1.0,1.0,1.0,0.028654429268159823,0.0,11.0,800.0,checkpoints/mappo_g/latest
862,1,8.0,8.0,8.0,0.08737515730092127,2.0,12.0,800.0,checkpoints/mappo_g/latest
863,1,0.0,0.0,0.0,0.0,0.0,12.0,800.0,checkpoints/mappo_g/latest
864,1,2.0,2.0,2.0,0.09433240799965764,0.0,10.0,800.0,checkpoints/mappo_g/latest
865,1,0.0,0.0,0.0,0.0,0.0,12.0,800.0,checkpoints/mappo_g/latest
866,1,0.0,0.0,0.0,0.0,0.0,12.0,800.0,checkpoints/mappo_g/latest
867,1,2.0,2.0,2.0,0.0651837929670243,0.0,10.0,800.0,checkpoints/mappo_g/latest
868,1,0.0,0.0,0.0,0.0,0.0,12.0,800.0,checkpoints/mappo_g/latest
869,1,0.0,0.0,0.0,0.0,0.0,12.0,800.0,checkpoints/mappo_g/latest
870,1,4.0,4.0,4.0,0.0382931604647941,1.0,12.0,800.0,checkpoints/mappo_g/latest
871,1,4.0,4.0,4.0,0.07855650709230153,1.0,12.0,800.0,checkpoints/mappo_g/latest
872,1,4.0,4.0,4.0,0.014517377383720791,1.0,12.0,800.0,checkpoints/mappo_g/latest
873,1,0.0,0.0,0.0,0.0,0.0,12.0,800.0,checkpoints/mappo_g/latest
874,1,1.0,1.0,1.0,0.03631147234933451,0.0,11.0,800.0,checkpoints/mappo_g/latest
875,1,0.0,1.0,1.0,0.12470530827133189,0.0,11.0,800.0,checkpoints/mappo_g/latest
876,1,1.0,1.0,1.0,0.010373866861700663,0.0,11.0,800.0,checkpoints/mappo_g/latest
877,1,0.0,0.0,0.0,0.0,0.0,12.0,800.0,checkpoints/mappo_g/latest
878,1,0.0,0.0,0.0,0.0,0.0,12.0,800.0,checkpoints/mappo_g/latest
879,1,12.0,12.0,12.0,0.1338086717582337,3.0,12.0,800.0,checkpoints/mappo_g/latest
880,1,5.0,5.0,5.0,0.10142144144944419,1.0,11.0,800.0,checkpoints/mappo_g/latest
881,1,1.0,1.0,1.0,0.03472950650495477,0.0,11.0,800.0,checkpoints/mappo_g/latest
882,1,7.0,10.0,10.0,0.09773802892771831,2.0,10.0,800.0,checkpoints/mappo_g/latest
883,1,3.0,3.0,3.0,0.1140035804573563,0.0,9.0,800.0,checkpoints/mappo_g/latest
884,1,4.0,4.0,4.0,0.07420498915020289,1.0,12.0,800.0,checkpoints/mappo_g/latest
885,1,3.0,4.0,4.0,0.18516206061127982,1.0,12.0,800.0,checkpoints/mappo_g/latest
886,1,3.0,3.0,3.0,0.11815972188306961,0.0,9.0,800.0,checkpoints/mappo_g/latest
887,1,0.0,0.0,0.0,0.0,0.0,12.0,800.0,checkpoints/mappo_g/latest
888,1,0.0,0.0,0.0,0.0,0.0,12.0,800.0,checkpoints/mappo_g/latest
889,1,2.0,2.0,2.0,0.048717512110015376,0.0,10.0,800.0,checkpoints/mappo_g/latest
890,1,2.0,2.0,2.0,0.1556295932395612,0.0,10.0,800.0,checkpoints/mappo_g/latest
891,1,4.0,4.0,4.0,0.07959862466612928,1.0,12.0,800.0,checkpoints/mappo_g/latest
892,1,9.0,9.0,9.0,0.12056580822716571,2.0,11.0,800.0,checkpoints/mappo_g/latest
893,1,2.0,2.0,2.0,0.04271156587477889,0.0,10.0,800.0,checkpoints/mappo_g/latest
894,1,0.0,0.0,0.0,0.0,0.0,12.0,800.0,checkpoints/mappo_g/latest
895,1,4.0,4.0,4.0,0.0831509070619965,1.0,12.0,800.0,checkpoints/mappo_g/latest
896,1,0.0,0.0,0.0,0.0,0.0,12.0,800.0,checkpoints/mappo_g/latest
897,1,5.0,5.0,5.0,0.05577793380167957,1.0,11.0,800.0,checkpoints/mappo_g/latest
898,1,0.0,0.0,0.0,0.0,0.0,12.0,800.0,checkpoints/mappo_g/latest
899,1,4.0,4.0,4.0,0.0892907772373413,1.0,12.0,800.0,checkpoints/mappo_g/latest
900,1,0.0,0.0,0.0,0.0,0.0,12.0,800.0,checkpoints/mappo_g/latest
901,1,2.0,2.0,2.0,0.04204380902485961,0.0,10.0,800.0,checkpoints/mappo_g/latest
902,1,0.0,0.0,0.0,0.0,0.0,12.0,800.0,checkpoints/mappo_g/latest
903,1,0.0,0.0,0.0,0.0,0.0,12.0,800.0,checkpoints/mappo_g/latest
904,1,4.0,5.0,5.0,0.1278397048853852,1.0,11.0,800.0,checkpoints/mappo_g/latest
905,1,0.0,0.0,0.0,0.0,0.0,12.0,800.0,checkpoints/mappo_g/latest
906,1,0.0,0.0,0.0,0.0,0.0,12.0,800.0,checkpoints/mappo_g/latest
907,1,0.0,0.0,0.0,0.0,0.0,12.0,800.0,checkpoints/mappo_g/latest
908,1,1.0,1.0,1.0,0.003118179700759356,0.0,11.0,800.0,checkpoints/mappo_g/latest
909,1,0.0,0.0,0.0,0.0,0.0,12.0,800.0,checkpoints/mappo_g/latest
910,1,6.0,7.0,7.0,0.08814209548190774,0.0,5.0,800.0,checkpoints/mappo_g/latest
911,1,1.0,1.0,1.0,0.0620469456886955,0.0,11.0,800.0,checkpoints/mappo_g/latest
912,1,4.0,4.0,4.0,0.07060466160376866,1.0,12.0,800.0,checkpoints/mappo_g/latest
913,1,4.0,4.0,4.0,0.06117079781703069,1.0,12.0,800.0,checkpoints/mappo_g/latest
914,1,0.0,0.0,0.0,0.0,0.0,12.0,800.0,checkpoints/mappo_g/latest
915,1,1.0,2.0,2.0,0.048654047920814875,0.0,10.0,800.0,checkpoints/mappo_g/latest
916,1,0.0,0.0,0.0,0.0,0.0,12.0,800.0,checkpoints/mappo_g/latest
917,1,4.0,4.0,4.0,0.1529086469909574,1.0,12.0,800.0,checkpoints/mappo_g/latest
918,1,0.0,0.0,0.0,0.0,0.0,12.0,800.0,checkpoints/mappo_g/latest
919,1,1.0,1.0,1.0,0.03021211024543542,0.0,11.0,800.0,checkpoints/mappo_g/latest
920,1,1.0,1.0,1.0,0.1619115426907956,0.0,11.0,800.0,checkpoints/mappo_g/latest
921,1,0.0,0.0,0.0,0.0,0.0,12.0,800.0,checkpoints/mappo_g/latest
922,1,1.0,1.0,1.0,0.023231697153229713,0.0,11.0,800.0,checkpoints/mappo_g/latest
923,1,4.0,4.0,4.0,0.11764165076347126,1.0,12.0,800.0,checkpoints/mappo_g/latest
924,1,9.0,9.0,9.0,0.21416690205505196,2.0,11.0,800.0,checkpoints/mappo_g/latest
925,1,0.0,0.0,0.0,0.0,0.0,12.0,800.0,checkpoints/mappo_g/latest
926,1,1.0,1.0,1.0,0.04443171148998469,0.0,11.0,800.0,checkpoints/mappo_g/latest
927,1,0.0,0.0,0.0,0.0,0.0,12.0,800.0,checkpoints/mappo_g/latest
928,1,0.0,0.0,0.0,0.0,0.0,12.0,800.0,checkpoints/mappo_g/latest
929,1,1.0,1.0,1.0,0.035032466063130416,0.0,11.0,800.0,checkpoints/mappo_g/latest
930,1,1.0,1.0,1.0,0.04239493006995568,0.0,11.0,800.0,checkpoints/mappo_g/latest
931,1,0.0,0.0,0.0,0.0,0.0,12.0,800.0,checkpoints/mappo_g/latest
932,1,0.0,0.0,0.0,0.0,0.0,12.0,800.0,checkpoints/mappo_g/latest
933,1,8.0,8.0,8.0,0.15964782396137403,2.0,12.0,800.0,checkpoints/mappo_g/latest
934,1,4.0,4.0,4.0,0.09160044677435508,1.0,12.0,800.0,checkpoints/mappo_g/latest
935,1,0.0,0.0,0.0,0.0,0.0,12.0,800.0,checkpoints/mappo_g/latest
936,1,3.0,4.0,4.0,0.08351254773014566,0.0,8.0,800.0,checkpoints/mappo_g/latest
937,1,0.0,0.0,0.0,0.0,0.0,12.0,800.0,checkpoints/mappo_g/latest
938,1,0.0,0.0,0.0,0.0,0.0,12.0,800.0,checkpoints/mappo_g/latest
939,1,1.0,1.0,1.0,0.03570790612851851,0.0,11.0,800.0,checkpoints/mappo_g/latest
940,1,0.0,0.0,0.0,0.0,0.0,12.0,800.0,checkpoints/mappo_g/latest
941,1,4.0,4.0,4.0,0.2208498613177774,1.0,12.0,800.0,checkpoints/mappo_g/latest
942,1,1.0,1.0,1.0,0.04385010730868089,0.0,11.0,800.0,checkpoints/mappo_g/latest
943,1,5.0,5.0,5.0,0.10764576193518831,1.0,11.0,800.0,checkpoints/mappo_g/latest
944,1,9.0,9.0,9.0,0.11245333944064137,2.0,11.0,800.0,checkpoints/mappo_g/latest
945,1,0.0,0.0,0.0,0.0,0.0,12.0,800.0,checkpoints/mappo_g/latest
946,1,5.0,5.0,5.0,0.08778625949787963,1.0,11.0,800.0,checkpoints/mappo_g/latest
947,1,8.0,8.0,8.0,0.11537780580889376,2.0,12.0,800.0,checkpoints/mappo_g/latest
948,1,4.0,4.0,4.0,0.061771388815674684,1.0,12.0,800.0,checkpoints/mappo_g/latest
949,1,8.0,8.0,8.0,0.1712719848429333,2.0,12.0,800.0,checkpoints/mappo_g/latest
950,1,1.0,1.0,1.0,0.05018598447690843,0.0,11.0,800.0,checkpoints/mappo_g/latest
951,1,4.0,4.0,4.0,0.042735909767822405,0.0,8.0,800.0,checkpoints/mappo_g/latest
952,1,0.0,0.0,0.0,0.0,0.0,12.0,800.0,checkpoints/mappo_g/latest
953,1,4.0,4.0,4.0,0.05567524231827216,1.0,12.0,800.0,checkpoints/mappo_g/latest
954,1,1.0,1.0,1.0,0.04538601234813541,0.0,11.0,800.0,checkpoints/mappo_g/latest
955,1,0.0,0.0,0.0,0.0,0.0,12.0,800.0,checkpoints/mappo_g/latest
956,1,0.0,0.0,0.0,0.0,0.0,12.0,800.0,checkpoints/mappo_g/latest
957,1,0.0,0.0,0.0,0.0,0.0,12.0,800.0,checkpoints/mappo_g/latest
958,1,3.0,4.0,4.0,0.11862904298784997,1.0,12.0,800.0,checkpoints/mappo_g/latest
959,1,1.0,2.0,2.0,0.12765542372930214,0.0,10.0,800.0,checkpoints/mappo_g/latest
960,1,4.0,4.0,4.0,0.1294760522228777,1.0,12.0,800.0,checkpoints/mappo_g/latest
961,1,0.0,0.0,0.0,0.0,0.0,12.0,800.0,checkpoints/mappo_g/latest
962,1,0.0,0.0,0.0,0.0,0.0,12.0,800.0,checkpoints/mappo_g/latest
963,1,0.0,0.0,0.0,0.0,0.0,12.0,800.0,checkpoints/mappo_g/latest
964,1,1.0,4.0,4.0,0.22326750427843464,0.0,8.0,800.0,checkpoints/mappo_g/latest
965,1,0.0,1.0,1.0,0.10610590018173145,0.0,11.0,800.0,checkpoints/mappo_g/latest
966,1,3.0,4.0,4.0,0.13263788549820069,1.0,12.0,800.0,checkpoints/mappo_g/latest
967,1,4.0,4.0,4.0,0.16950741034185438,1.0,12.0,800.0,checkpoints/mappo_g/latest
968,1,0.0,0.0,0.0,0.0,0.0,12.0,800.0,checkpoints/mappo_g/latest
969,1,6.0,6.0,6.0,0.19280309207712587,1.0,10.0,800.0,checkpoints/mappo_g/latest
970,1,0.0,0.0,0.0,0.0,0.0,12.0,800.0,checkpoints/mappo_g/latest
971,1,0.0,0.0,0.0,0.0,0.0,12.0,800.0,checkpoints/mappo_g/latest
972,1,0.0,0.0,0.0,0.0,0.0,12.0,800.0,checkpoints/mappo_g/latest
973,1,8.0,10.0,10.0,0.16106811888882175,2.0,10.0,800.0,checkpoints/mappo_g/latest
974,1,5.0,6.0,6.0,0.0722424944390635,1.0,10.0,800.0,checkpoints/mappo_g/latest
975,1,0.0,0.0,0.0,0.0,0.0,12.0,800.0,checkpoints/mappo_g/latest
976,1,0.0,0.0,0.0,0.0,0.0,12.0,800.0,checkpoints/mappo_g/latest
977,1,2.0,2.0,2.0,0.011813505104388847,0.0,10.0,800.0,checkpoints/mappo_g/latest
978,1,0.0,0.0,0.0,0.0,0.0,12.0,800.0,checkpoints/mappo_g/latest
979,1,4.0,4.0,4.0,0.016325061330086706,1.0,12.0,800.0,checkpoints/mappo_g/latest
980,1,4.0,4.0,4.0,0.12348865585151847,1.0,12.0,800.0,checkpoints/mappo_g/latest
981,1,2.0,2.0,2.0,0.06639804898863076,0.0,10.0,800.0,checkpoints/mappo_g/latest
982,1,3.0,6.0,6.0,0.07236972024762509,1.0,10.0,800.0,checkpoints/mappo_g/latest
983,1,0.0,0.0,0.0,0.0,0.0,12.0,800.0,checkpoints/mappo_g/latest
984,1,1.0,1.0,1.0,0.03815438216362963,0.0,11.0,800.0,checkpoints/mappo_g/latest
985,1,1.0,1.0,1.0,0.04841069704814194,0.0,11.0,800.0,checkpoints/mappo_g/latest
986,1,0.0,0.0,0.0,0.0,0.0,12.0,800.0,checkpoints/mappo_g/latest
987,1,0.0,0.0,0.0,0.0,0.0,12.0,800.0,checkpoints/mappo_g/latest
988,1,0.0,6.0,6.0,0.3714735709614858,1.0,10.0,800.0,checkpoints/mappo_g/latest
989,1,0.0,0.0,0.0,0.0,0.0,12.0,800.0,checkpoints/mappo_g/latest
990,1,4.0,4.0,4.0,0.12740898957086755,1.0,12.0,800.0,checkpoints/mappo_g/latest
991,1,0.0,0.0,0.0,0.0,0.0,12.0,800.0,checkpoints/mappo_g/latest
992,1,0.0,0.0,0.0,0.0,0.0,12.0,800.0,checkpoints/mappo_g/latest
993,1,0.0,0.0,0.0,0.0,0.0,12.0,800.0,checkpoints/mappo_g/latest
994,1,1.0,1.0,1.0,0.025375824296109694,0.0,11.0,800.0,checkpoints/mappo_g/latest
995,1,0.0,0.0,0.0,0.0,0.0,12.0,800.0,checkpoints/mappo_g/latest
996,1,0.0,0.0,0.0,0.0,0.0,12.0,800.0,checkpoints/mappo_g/latest
997,1,6.0,7.0,7.0,0.09052424647306907,1.0,9.0,800.0,checkpoints/mappo_g/latest
998,1,1.0,2.0,2.0,0.03519756591270076,0.0,10.0,800.0,checkpoints/mappo_g/latest
999,1,4.0,4.0,4.0,0.14744750949978577,0.0,8.0,800.0,checkpoints/mappo_g/latest
1000,1,0.0,0.0,0.0,0.0,0.0,12.0,800.0,checkpoints/mappo_g/latest
