stage,stage_index,stage_attempt,global_step,episode,n_agents,width,height,n_targets,n_obstacles,mean_episode_reward,food_discovered,food_picked_up,food_retrieved,exploration_coverage,pheromone_usage,pheromone_deposit_events,food_source_respawns,food_units_remaining,episode_length,first_pickup_step,first_delivery_step,pickup_to_delivery_latency,delivery_conversion,swarm_efficiency
stage1a_single_agent_miniscule,1,1,120,1,1,50,50,1,0,-3.8467228412628174,0.0,0.0,0.0,0.3333333333333333,0.0,0,0,4,120,-1,-1,-1,0.0,0.0
stage1a_single_agent_miniscule,1,1,220,2,1,50,50,1,0,188.71487426757812,4.0,4.0,4.0,0.4444444444444444,0.0,0,0,0,100,97,97,0,1.0,0.04
stage1a_single_agent_miniscule,1,1,340,3,1,50,50,1,0,91.84025573730469,2.0,2.0,2.0,0.3333333333333333,0.0,0,0,2,120,97,97,0,1.0,0.016666666666666666
stage1a_single_agent_miniscule,1,1,353,4,1,50,50,1,0,191.91738891601562,4.0,4.0,4.0,0.3333333333333333,0.0,0,0,0,13,10,10,0,1.0,0.3076923076923077
stage1a_single_agent_miniscule,1,1,357,5,1,50,50,1,0,191.46200561523438,4.0,4.0,4.0,0.1111111111111111,0.0,0,0,0,4,1,1,0,1.0,1.0
stage1a_single_agent_miniscule,1,1,393,6,1,50,50,1,0,190.38442993164062,4.0,4.0,4.0,0.3333333333333333,0.0,0,0,0,36,33,33,0,1.0,0.1111111111111111
stage1a_single_agent_miniscule,1,1,513,7,1,50,50,1,0,-2.9104294776916504,0.0,0.0,0.0,0.4444444444444444,0.0,0,0,4,120,-1,-1,-1,0.0,0.0
stage1a_single_agent_miniscule,1,1,633,8,1,50,50,1,0,-4.4552388191223145,0.0,0.0,0.0,0.3333333333333333,0.0,0,0,4,120,-1,-1,-1,0.0,0.0
stage1a_single_agent_miniscule,1,1,753,9,1,50,50,1,0,-3.359938144683838,0.0,0.0,0.0,0.4444444444444444,0.0,0,0,4,120,-1,-1,-1,0.0,0.0
stage1a_single_agent_miniscule,1,1,873,10,1,50,50,1,0,-1.5386557579040527,0.0,0.0,0.0,0.4444444444444444,0.0,0,0,4,120,-1,-1,-1,0.0,0.0
stage1a_single_agent_miniscule,1,1,906,11,1,50,50,1,0,190.18682861328125,4.0,4.0,4.0,0.3333333333333333,0.0,0,0,0,33,28,28,0,1.0,0.12121212121212122
stage1a_single_agent_miniscule,1,1,1026,12,1,50,50,1,0,-2.2972919940948486,0.0,0.0,0.0,0.3333333333333333,0.0,0,0,4,120,-1,-1,-1,0.0,0.0
stage1a_single_agent_miniscule,1,1,1146,13,1,50,50,1,0,-2.983276844024658,0.0,0.0,0.0,0.3333333333333333,0.0,0,0,4,120,-1,-1,-1,0.0,0.0
stage1b_single_agent_tiny,2,1,1290,14,1,75,75,1,0,-3.084575891494751,0.0,0.0,0.0,0.375,0.0,0,0,4,120,-1,-1,-1,0.0,0.0
stage1b_single_agent_tiny,2,1,1410,15,1,75,75,1,0,21.856372833251953,3.0,3.0,0.0,0.3125,0.0,0,0,1,120,107,-1,-1,0.0,0.0
stage1b_single_agent_tiny,2,1,1451,16,1,75,75,1,0,31.322235107421875,4.0,4.0,0.0,0.3125,0.0,0,0,0,41,36,-1,-1,0.0,0.0
stage1b_single_agent_tiny,2,1,1571,17,1,75,75,1,0,-1.608306646347046,0.0,0.0,0.0,0.375,0.0,0,0,4,120,-1,-1,-1,0.0,0.0
stage1b_single_agent_tiny,2,1,1639,18,1,75,75,1,0,110.96359252929688,4.0,4.0,2.0,0.3125,0.0,0,0,0,68,16,67,51,0.5,0.029411764705882353
stage1b_single_agent_tiny,2,1,1717,19,1,75,75,1,0,30.572948455810547,4.0,4.0,0.0,0.3125,0.0,0,0,0,78,72,-1,-1,0.0,0.0
stage1b_single_agent_tiny,2,1,1779,20,1,75,75,1,0,29.272449493408203,4.0,4.0,0.0,0.25,0.0,0,0,0,62,58,-1,-1,0.0,0.0
stage1b_single_agent_tiny,2,1,1846,21,1,75,75,1,0,30.955265045166016,4.0,4.0,0.0,0.1875,0.0,0,0,0,67,57,-1,-1,0.0,0.0
stage1b_single_agent_tiny,2,1,1897,22,1,75,75,1,0,31.211292266845703,4.0,4.0,0.0,0.1875,0.0,0,0,0,51,16,-1,-1,0.0,0.0
stage1b_single_agent_tiny,2,1,2017,23,1,75,75,1,0,-1.3732860088348389,0.0,0.0,0.0,0.4375,0.0,0,0,4,120,-1,-1,-1,0.0,0.0
stage1b_single_agent_tiny,2,1,2028,24,1,75,75,1,0,31.886445999145508,4.0,4.0,0.0,0.125,0.0,0,0,0,11,7,-1,-1,0.0,0.0
stage1b_single_agent_tiny,2,1,2148,25,1,75,75,1,0,-4.440831661224365,0.0,0.0,0.0,0.125,0.0,0,0,4,120,-1,-1,-1,0.0,0.0
stage1b_single_agent_tiny,2,1,2268,26,1,75,75,1,0,140.3379669189453,3.0,3.0,3.0,0.3125,0.0,0,0,1,120,68,68,0,1.0,0.025
stage1c_single_agent_small,3,1,2480,27,1,100,100,1,0,-4.264842510223389,0.0,0.0,0.0,0.32,0.0,0,0,4,140,-1,-1,-1,0.0,0.0
stage1c_single_agent_small,3,1,2539,28,1,100,100,1,0,29.8803653717041,4.0,4.0,0.0,0.24,0.0,0,0,0,59,55,-1,-1,0.0,0.0
stage1c_single_agent_small,3,1,2679,29,1,100,100,1,0,-3.9971084594726562,0.0,0.0,0.0,0.2,0.0,0,0,4,140,-1,-1,-1,0.0,0.0
stage1c_single_agent_small,3,1,2819,30,1,100,100,1,0,19.730684280395508,3.0,3.0,0.0,0.4,0.0,0,0,1,140,54,-1,-1,0.0,0.0
stage1c_single_agent_small,3,1,2959,31,1,100,100,1,0,13.848934173583984,2.0,2.0,0.0,0.32,0.0,0,0,2,140,77,-1,-1,0.0,0.0
stage1c_single_agent_small,3,1,3097,32,1,100,100,1,0,25.463308334350586,4.0,4.0,0.0,0.24,0.0,0,0,0,138,53,-1,-1,0.0,0.0
stage1c_single_agent_small,3,1,3237,33,1,100,100,1,0,-4.511537551879883,0.0,0.0,0.0,0.32,0.0,0,0,4,140,-1,-1,-1,0.0,0.0
stage1c_single_agent_small,3,1,3377,34,1,100,100,1,0,10.168159484863281,2.0,2.0,0.0,0.16,0.0,0,0,2,140,81,-1,-1,0.0,0.0
stage1c_single_agent_small,3,1,3387,35,1,100,100,1,0,31.890565872192383,4.0,4.0,0.0,0.08,0.0,0,0,0,10,6,-1,-1,0.0,0.0
stage1d_single_agent_return_medium,4,1,3690,36,1,160,120,1,0,-5.6023969650268555,0.0,0.0,0.0,0.19047619047619047,0.0,0,0,4,180,-1,-1,-1,0.0,0.0
stage1d_single_agent_return_medium,4,1,3870,37,1,160,120,1,0,-3.7242517471313477,0.0,0.0,0.0,0.47619047619047616,0.0,0,0,4,180,-1,-1,-1,0.0,0.0
stage1d_single_agent_return_medium,4,1,4050,38,1,160,120,1,0,-3.535733222961426,0.0,0.0,0.0,0.2857142857142857,0.0,0,0,4,180,-1,-1,-1,0.0,0.0
stage1d_single_agent_return_medium,4,1,4230,39,1,160,120,1,0,-3.804029703140259,0.0,0.0,0.0,0.35714285714285715,0.0,0,0,4,180,-1,-1,-1,0.0,0.0
stage1d_single_agent_return_medium,4,1,4410,40,1,160,120,1,0,-4.99987268447876,0.0,0.0,0.0,0.2857142857142857,0.0,0,0,4,180,-1,-1,-1,0.0,0.0
stage1d_single_agent_return_medium,4,1,4590,41,1,160,120,1,0,-5.004729747772217,0.0,0.0,0.0,0.21428571428571427,0.0,0,0,4,180,-1,-1,-1,0.0,0.0
stage1d_single_agent_return_medium,4,1,4618,42,1,160,120,1,0,26.50327491760254,4.0,4.0,0.0,0.14285714285714285,0.0,0,0,0,28,24,-1,-1,0.0,0.0
stage1d_single_agent_return_medium,4,1,4798,43,1,160,120,1,0,4.320626735687256,1.0,1.0,0.0,0.35714285714285715,0.0,0,0,3,180,59,-1,-1,0.0,0.0
stage1d_single_agent_return_medium,4,1,4978,44,1,160,120,1,0,-2.858147144317627,0.0,0.0,0.0,0.2619047619047619,0.0,0,0,4,180,-1,-1,-1,0.0,0.0
stage1d_single_agent_return_medium,4,1,5158,45,1,160,120,1,0,-4.842155456542969,0.0,0.0,0.0,0.2857142857142857,0.0,0,0,4,180,-1,-1,-1,0.0,0.0
stage1d_single_agent_return_medium,4,1,5170,46,1,160,120,1,0,27.835521697998047,4.0,4.0,0.0,0.07142857142857142,0.0,0,0,0,12,8,-1,-1,0.0,0.0
stage1d_single_agent_return_medium,4,1,5350,47,1,160,120,1,0,-5.801741123199463,0.0,0.0,0.0,0.16666666666666666,0.0,0,0,4,180,-1,-1,-1,0.0,0.0
stage1d_single_agent_return_medium,4,1,5530,48,1,160,120,1,0,-1.9936705827713013,0.0,0.0,0.0,0.35714285714285715,0.0,0,0,4,180,-1,-1,-1,0.0,0.0
stage1d_single_agent_return_medium,4,1,5710,49,1,160,120,1,0,-2.3635149002075195,0.0,0.0,0.0,0.19047619047619047,0.0,0,0,4,180,-1,-1,-1,0.0,0.0
stage1d_single_agent_return_medium,4,1,5823,50,1,160,120,1,0,26.61932373046875,4.0,4.0,0.0,0.21428571428571427,0.0,0,0,0,113,109,-1,-1,0.0,0.0
