stage,stage_index,stage_attempt,global_step,episode,n_agents,width,height,n_targets,n_obstacles,mean_episode_reward,food_discovered,food_picked_up,food_retrieved,exploration_coverage,pheromone_usage,pheromone_deposit_events,food_source_respawns,food_units_remaining,episode_length,first_pickup_step,first_delivery_step,pickup_to_delivery_latency,delivery_conversion,carrying_stall_events,carrying_stall_fraction,carrying_low_progress_fraction,carrying_low_displacement_fraction,carrying_penalty_total,swarm_efficiency
stage1a_single_agent_miniscule,1,1,84,1,1,50,50,1,0,190.78521728515625,4.0,4.0,4.0,0.3333333333333333,0.0,0,0,0,84,81,81,0,1.0,0,0.0,0.0,0.0,0.0,0.047619047619047616
stage1a_single_agent_miniscule,1,1,149,2,1,50,50,1,0,190.70986938476562,4.0,4.0,4.0,0.2222222222222222,0.0,0,0,0,65,56,56,0,1.0,0,0.0,0.0,0.0,0.0,0.06153846153846154
stage1a_single_agent_miniscule,1,1,269,3,1,50,50,1,0,-2.162599563598633,0.0,0.0,0.0,0.3333333333333333,0.0,0,0,4,120,-1,-1,-1,0.0,0,0.0,0.0,0.0,0.0,0.0
stage1a_single_agent_miniscule,1,1,389,4,1,50,50,1,0,-2.3969569206237793,0.0,0.0,0.0,0.4444444444444444,0.0,0,0,4,120,-1,-1,-1,0.0,0,0.0,0.0,0.0,0.0,0.0
stage1a_single_agent_miniscule,1,1,427,5,1,50,50,1,0,190.62274169921875,4.0,4.0,4.0,0.3333333333333333,0.0,0,0,0,38,35,35,0,1.0,0,0.0,0.0,0.0,0.0,0.10526315789473684
stage1a_single_agent_miniscule,1,1,547,6,1,50,50,1,0,-2.2924633026123047,0.0,0.0,0.0,0.4444444444444444,0.0,0,0,4,120,-1,-1,-1,0.0,0,0.0,0.0,0.0,0.0,0.0
stage1a_single_agent_miniscule,1,1,576,7,1,50,50,1,0,191.47244262695312,4.0,4.0,4.0,0.3333333333333333,0.0,0,0,0,29,6,6,0,1.0,0,0.0,0.0,0.0,0.0,0.13793103448275862
stage1b_single_agent_tiny,2,1,677,8,1,75,75,1,0,190.3699493408203,4.0,4.0,4.0,0.25,0.0,0,0,0,37,2,34,32,1.0,2,0.4594594594594595,0.6756756756756757,0.2702702702702703,-1.2000000000000006,0.10810810810810811
stage1b_single_agent_tiny,2,1,793,9,1,75,75,1,0,184.40846252441406,4.0,4.0,4.0,0.25,0.0,0,0,0,116,4,13,9,1.0,9,0.3706896551724138,0.7155172413793104,0.47413793103448276,-4.420000000000001,0.034482758620689655
stage1b_single_agent_tiny,2,1,913,10,1,75,75,1,0,40.92170333862305,1.0,1.0,1.0,0.5,0.0,0,0,3,120,8,105,97,1.0,5,0.6,0.7333333333333333,0.35833333333333334,-4.380000000000001,0.008333333333333333
stage1b_single_agent_tiny,2,1,1033,11,1,75,75,1,0,-2.84964919090271,0.0,0.0,0.0,0.375,0.0,0,0,4,120,-1,-1,-1,0.0,0,0.0,0.0,0.0,0.0,0.0
stage1b_single_agent_tiny,2,1,1153,12,1,75,75,1,0,-13.065377235412598,1.0,1.0,0.0,0.1875,0.0,0,0,3,120,2,-1,-1,0.0,10,0.5083333333333333,0.8333333333333334,0.4666666666666667,-5.119999999999998,0.0
stage1b_single_agent_tiny,2,1,1273,13,1,75,75,1,0,46.873260498046875,1.0,1.0,1.0,0.375,0.0,0,0,3,120,3,3,0,1.0,0,0.0,0.0,0.0,0.0,0.008333333333333333
stage1c_single_agent_small,3,1,1420,14,1,100,100,1,0,-14.602672576904297,1.0,1.0,0.0,0.24,0.0,0,0,3,140,35,-1,-1,0.0,7,0.4928571428571429,0.6714285714285714,0.39285714285714285,-5.605000000000001,0.0
stage1c_single_agent_small,3,1,1560,15,1,100,100,1,0,45.50014114379883,1.0,1.0,1.0,0.48,0.0,0,0,3,140,6,15,9,1.0,1,0.007142857142857143,0.02857142857142857,0.02142857142857143,-0.255,0.007142857142857143
stage1c_single_agent_small,3,1,1700,16,1,100,100,1,0,39.78536605834961,1.0,1.0,1.0,0.2,0.0,0,0,3,140,42,114,72,1.0,5,0.3,0.40714285714285714,0.22857142857142856,-3.364999999999997,0.007142857142857143
stage1c_single_agent_small,3,1,1840,17,1,100,100,1,0,40.80973434448242,1.0,1.0,1.0,0.28,0.0,0,0,3,140,25,94,69,1.0,5,0.2,0.39285714285714285,0.19285714285714287,-3.149999999999998,0.007142857142857143
stage1d_single_agent_carry_bootstrap,4,1,2030,18,1,120,100,1,0,-33.94422912597656,0.0,0.0,0.0,0.3333333333333333,0.0,0,0,0,110,-1,-1,-1,0.0,13,0.5363636363636364,0.6818181818181818,0.43636363636363634,-7.920000000000006,0.0
stage1d_single_agent_carry_bootstrap,4,1,2136,19,1,120,100,1,0,49.576385498046875,0.0,0.0,1.0,0.3,0.0,0,0,0,106,-1,106,-1,1.0,10,0.6509433962264151,0.7547169811320755,0.4716981132075472,-8.400000000000004,0.009433962264150943
stage1d_single_agent_carry_bootstrap,4,1,2246,20,1,120,100,1,0,-35.49970245361328,0.0,0.0,0.0,0.36666666666666664,0.0,0,0,0,110,-1,-1,-1,0.0,8,0.7090909090909091,0.8181818181818182,0.33636363636363636,-8.680000000000003,0.0
stage1d_single_agent_carry_bootstrap,4,1,2251,21,1,120,100,1,0,59.71610641479492,0.0,0.0,1.0,0.06666666666666667,0.0,0,0,0,5,-1,5,-1,1.0,0,0.0,0.4,0.4,-0.24,0.2
stage1d_single_agent_carry_bootstrap,4,1,2269,22,1,120,100,1,0,58.813838958740234,0.0,0.0,1.0,0.1,0.0,0,0,0,18,-1,18,-1,1.0,3,0.3333333333333333,0.5555555555555556,0.3333333333333333,-1.04,0.05555555555555555
stage1d_single_agent_carry_bootstrap,4,1,2368,23,1,120,100,1,0,49.63337707519531,0.0,0.0,1.0,0.16666666666666666,0.0,0,0,0,99,-1,99,-1,1.0,14,0.5656565656565656,0.696969696969697,0.43434343434343436,-7.240000000000005,0.010101010101010102
stage1d_single_agent_carry_bootstrap,4,1,2478,24,1,120,100,1,0,-35.265235900878906,0.0,0.0,0.0,0.3,0.0,0,0,0,110,-1,-1,-1,0.0,9,0.6909090909090909,0.7818181818181819,0.4090909090909091,-8.680000000000001,0.0
stage1d_single_agent_carry_bootstrap,4,1,2479,25,1,120,100,1,0,59.99599838256836,0.0,0.0,1.0,0.03333333333333333,0.0,0,0,0,1,-1,1,-1,1.0,0,0.0,0.0,0.0,0.0,1.0
stage1d_single_agent_carry_bootstrap,4,1,2589,26,1,120,100,1,0,-34.12051010131836,0.0,0.0,0.0,0.13333333333333333,0.0,0,0,0,110,-1,-1,-1,0.0,8,0.6090909090909091,0.7363636363636363,0.41818181818181815,-8.320000000000006,0.0
stage1d_single_agent_carry_bootstrap,4,1,2630,27,1,120,100,1,0,56.89564514160156,0.0,0.0,1.0,0.16666666666666666,0.0,0,0,0,41,-1,41,-1,1.0,5,0.4878048780487805,0.6341463414634146,0.34146341463414637,-2.6400000000000015,0.024390243902439025
stage1d_single_agent_carry_bootstrap,4,1,2740,28,1,120,100,1,0,-35.550689697265625,0.0,0.0,0.0,0.3333333333333333,0.0,0,0,0,110,-1,-1,-1,0.0,10,0.6454545454545455,0.7545454545454545,0.36363636363636365,-8.240000000000004,0.0
stage1d_single_agent_carry_bootstrap,4,1,2828,29,1,120,100,1,0,52.3456916809082,0.0,0.0,1.0,0.3,0.0,0,0,0,88,-1,88,-1,1.0,9,0.4659090909090909,0.625,0.2727272727272727,-5.360000000000004,0.011363636363636364
stage1d_single_agent_carry_bootstrap,4,1,2842,30,1,120,100,1,0,59.182533264160156,0.0,0.0,1.0,0.1,0.0,0,0,0,14,-1,14,-1,1.0,2,0.14285714285714285,0.42857142857142855,0.42857142857142855,-0.72,0.07142857142857142
stage1d_single_agent_carry_bootstrap,4,1,2871,31,1,120,100,1,0,58.20511245727539,0.0,0.0,1.0,0.2,0.0,0,0,0,29,-1,29,-1,1.0,3,0.41379310344827586,0.5172413793103449,0.27586206896551724,-1.5200000000000005,0.034482758620689655
stage1d_single_agent_carry_bootstrap,4,1,2981,32,1,120,100,1,0,-34.85990524291992,0.0,0.0,0.0,0.36666666666666664,0.0,0,0,0,110,-1,-1,-1,0.0,10,0.5545454545454546,0.6909090909090909,0.3090909090909091,-7.440000000000005,0.0
stage1d_single_agent_carry_bootstrap,4,1,3058,33,1,120,100,1,0,51.57912063598633,0.0,0.0,1.0,0.26666666666666666,0.0,0,0,0,77,-1,77,-1,1.0,10,0.5194805194805194,0.7012987012987013,0.38961038961038963,-5.520000000000003,0.012987012987012988
stage1d_single_agent_carry_bootstrap,4,1,3115,34,1,120,100,1,0,53.14116287231445,0.0,0.0,1.0,0.13333333333333333,0.0,0,0,0,57,-1,57,-1,1.0,6,0.6666666666666666,0.7719298245614035,0.47368421052631576,-4.600000000000003,0.017543859649122806
stage1d_single_agent_carry_bootstrap,4,1,3156,35,1,120,100,1,0,56.4945068359375,0.0,0.0,1.0,0.26666666666666666,0.0,0,0,0,41,-1,41,-1,1.0,5,0.5121951219512195,0.6341463414634146,0.34146341463414637,-2.6400000000000015,0.024390243902439025
stage1d_single_agent_carry_bootstrap,4,2,3280,36,1,120,100,1,0,52.096763610839844,0.0,0.0,1.0,0.13333333333333333,0.0,0,0,0,80,-1,80,-1,1.0,7,0.5125,0.675,0.4375,-5.720000000000004,0.0125
stage1d_single_agent_carry_bootstrap,4,2,3302,37,1,120,100,1,0,58.261837005615234,0.0,0.0,1.0,0.1,0.0,0,0,0,22,-1,22,-1,1.0,3,0.36363636363636365,0.5,0.3181818181818182,-1.1600000000000001,0.045454545454545456
stage1d_single_agent_carry_bootstrap,4,2,3412,38,1,120,100,1,0,-36.413291931152344,0.0,0.0,0.0,0.26666666666666666,0.0,0,0,0,110,-1,-1,-1,0.0,15,0.6727272727272727,0.8272727272727273,0.4636363636363636,-9.32,0.0
stage1d_single_agent_carry_bootstrap,4,2,3514,39,1,120,100,1,0,50.078433990478516,0.0,0.0,1.0,0.23333333333333334,0.0,0,0,0,102,-1,102,-1,1.0,9,0.6568627450980392,0.7843137254901961,0.45098039215686275,-8.240000000000004,0.00980392156862745
stage1d_single_agent_carry_bootstrap,4,2,3624,40,1,120,100,1,0,-35.58894729614258,0.0,0.0,0.0,0.26666666666666666,0.0,0,0,0,110,-1,-1,-1,0.0,12,0.5363636363636364,0.7181818181818181,0.38181818181818183,-8.000000000000005,0.0
stage1d_single_agent_carry_bootstrap,4,2,3734,41,1,120,100,1,0,-34.515403747558594,0.0,0.0,0.0,0.3333333333333333,0.0,0,0,0,110,-1,-1,-1,0.0,11,0.6181818181818182,0.7363636363636363,0.4,-8.240000000000004,0.0
stage1d_single_agent_carry_bootstrap,4,2,3844,42,1,120,100,1,0,-36.1102294921875,0.0,0.0,0.0,0.26666666666666666,0.0,0,0,0,110,-1,-1,-1,0.0,11,0.6545454545454545,0.7727272727272727,0.4090909090909091,-8.600000000000003,0.0
stage1d_single_agent_carry_bootstrap,4,2,3954,43,1,120,100,1,0,-36.91460037231445,0.0,0.0,0.0,0.16666666666666666,0.0,0,0,0,110,-1,-1,-1,0.0,13,0.6363636363636364,0.7909090909090909,0.38181818181818183,-8.640000000000004,0.0
stage1d_single_agent_carry_bootstrap,4,2,3989,44,1,120,100,1,0,57.07218933105469,0.0,0.0,1.0,0.13333333333333333,0.0,0,0,0,35,-1,35,-1,1.0,4,0.5428571428571428,0.6857142857142857,0.4857142857142857,-2.6000000000000014,0.02857142857142857
stage1d_single_agent_carry_bootstrap,4,2,3990,45,1,120,100,1,0,59.99599838256836,0.0,0.0,1.0,0.03333333333333333,0.0,0,0,0,1,-1,1,-1,1.0,0,0.0,0.0,0.0,0.0,1.0
stage1d_single_agent_carry_bootstrap,4,2,4028,46,1,120,100,1,0,56.27678298950195,0.0,0.0,1.0,0.1,0.0,0,0,0,38,-1,38,-1,1.0,7,0.39473684210526316,0.6052631578947368,0.42105263157894735,-2.4800000000000013,0.02631578947368421
stage1d_single_agent_carry_bootstrap,4,2,4138,47,1,120,100,1,0,-36.615570068359375,0.0,0.0,0.0,0.16666666666666666,0.0,0,0,0,110,-1,-1,-1,0.0,12,0.6090909090909091,0.7454545454545455,0.4090909090909091,-8.360000000000005,0.0
stage1d_single_agent_carry_bootstrap,4,2,4149,48,1,120,100,1,0,59.11166000366211,0.0,0.0,1.0,0.06666666666666667,0.0,0,0,0,11,-1,11,-1,1.0,2,0.45454545454545453,0.6363636363636364,0.45454545454545453,-0.76,0.09090909090909091
stage1d_single_agent_carry_bootstrap,4,2,4259,49,1,120,100,1,0,-36.485870361328125,0.0,0.0,0.0,0.1,0.0,0,0,0,110,-1,-1,-1,0.0,13,0.6181818181818182,0.7545454545454545,0.4727272727272727,-8.720000000000002,0.0
stage1d_single_agent_carry_bootstrap,4,2,4319,50,1,120,100,1,0,54.066741943359375,0.0,0.0,1.0,0.16666666666666666,0.0,0,0,0,60,-1,60,-1,1.0,5,0.6666666666666666,0.7833333333333333,0.48333333333333334,-4.9200000000000035,0.016666666666666666
stage1d_single_agent_carry_bootstrap,4,2,4429,51,1,120,100,1,0,-36.14615249633789,0.0,0.0,0.0,0.2,0.0,0,0,0,110,-1,-1,-1,0.0,15,0.5545454545454546,0.7272727272727273,0.44545454545454544,-8.360000000000005,0.0
stage1d_single_agent_carry_bootstrap,4,3,4590,52,1,120,100,1,0,-35.41434860229492,0.0,0.0,0.0,0.26666666666666666,0.0,0,0,0,110,-1,-1,-1,0.0,17,0.5545454545454546,0.7545454545454545,0.4636363636363636,-8.680000000000001,0.0
stage1d_single_agent_carry_bootstrap,4,3,4700,53,1,120,100,1,0,-36.261417388916016,0.0,0.0,0.0,0.16666666666666666,0.0,0,0,0,110,-1,-1,-1,0.0,8,0.7727272727272727,0.8727272727272727,0.41818181818181815,-9.520000000000003,0.0
stage1d_single_agent_carry_bootstrap,4,3,4806,54,1,120,100,1,0,49.36003112792969,0.0,0.0,1.0,0.3,0.0,0,0,0,106,-1,106,-1,1.0,14,0.4811320754716981,0.6415094339622641,0.2830188679245283,-6.640000000000005,0.009433962264150943
stage1d_single_agent_carry_bootstrap,4,3,4833,55,1,120,100,1,0,57.42436218261719,0.0,0.0,1.0,0.13333333333333333,0.0,0,0,0,27,-1,27,-1,1.0,1,0.8148148148148148,0.8518518518518519,0.37037037037037035,-2.2400000000000007,0.037037037037037035
stage1d_single_agent_carry_bootstrap,4,3,4943,56,1,120,100,1,0,-37.189308166503906,0.0,0.0,0.0,0.1,0.0,0,0,0,110,-1,-1,-1,0.0,16,0.5,0.7,0.36363636363636365,-7.760000000000005,0.0
stage1d_single_agent_carry_bootstrap,4,3,5053,57,1,120,100,1,0,-35.098304748535156,0.0,0.0,0.0,0.23333333333333334,0.0,0,0,0,110,-1,-1,-1,0.0,11,0.6454545454545455,0.8,0.4727272727272727,-9.120000000000001,0.0
stage1d_single_agent_carry_bootstrap,4,3,5163,58,1,120,100,1,0,-38.9497184753418,0.0,0.0,0.0,0.1,0.0,0,0,0,110,-1,-1,-1,0.0,19,0.5272727272727272,0.7090909090909091,0.38181818181818183,-7.920000000000006,0.0
stage1d_single_agent_carry_bootstrap,4,3,5179,59,1,120,100,1,0,59.05896759033203,0.0,0.0,1.0,0.13333333333333333,0.0,0,0,0,16,-1,16,-1,1.0,2,0.4375,0.5625,0.25,-0.8799999999999999,0.0625
stage1d_single_agent_carry_bootstrap,4,3,5257,60,1,120,100,1,0,52.87316131591797,0.0,0.0,1.0,0.3333333333333333,0.0,0,0,0,78,-1,78,-1,1.0,6,0.6153846153846154,0.7435897435897436,0.358974358974359,-5.760000000000004,0.01282051282051282
stage1d_single_agent_carry_bootstrap,4,3,5293,61,1,120,100,1,0,56.941619873046875,0.0,0.0,1.0,0.1,0.0,0,0,0,36,-1,36,-1,1.0,4,0.4444444444444444,0.6111111111111112,0.3611111111111111,-2.2800000000000007,0.027777777777777776
stage1d_single_agent_carry_bootstrap,4,3,5322,62,1,120,100,1,0,57.958133697509766,0.0,0.0,1.0,0.13333333333333333,0.0,0,0,0,29,-1,29,-1,1.0,1,0.6206896551724138,0.6551724137931034,0.27586206896551724,-1.8400000000000007,0.034482758620689655
stage1d_single_agent_carry_bootstrap,4,3,5432,63,1,120,100,1,0,-36.297637939453125,0.0,0.0,0.0,0.23333333333333334,0.0,0,0,0,110,-1,-1,-1,0.0,13,0.5636363636363636,0.7454545454545455,0.41818181818181815,-8.400000000000006,0.0
stage1d_single_agent_carry_bootstrap,4,3,5542,64,1,120,100,1,0,-35.2823371887207,0.0,0.0,0.0,0.3,0.0,0,0,0,110,-1,-1,-1,0.0,10,0.5818181818181818,0.7363636363636363,0.4,-8.240000000000004,0.0
stage1d_single_agent_carry_bootstrap,4,3,5626,65,1,120,100,1,0,50.399478912353516,0.0,0.0,1.0,0.16666666666666666,0.0,0,0,0,84,-1,84,-1,1.0,12,0.5357142857142857,0.7023809523809523,0.3333333333333333,-5.840000000000004,0.011904761904761904
stage1d_single_agent_carry_bootstrap,4,3,5727,66,1,120,100,1,0,49.047264099121094,0.0,0.0,1.0,0.16666666666666666,0.0,0,0,0,101,-1,101,-1,1.0,12,0.5643564356435643,0.7227722772277227,0.45544554455445546,-7.680000000000006,0.009900990099009901
stage1d_single_agent_carry_bootstrap,4,3,5756,67,1,120,100,1,0,57.53590774536133,0.0,0.0,1.0,0.13333333333333333,0.0,0,0,0,29,-1,29,-1,1.0,4,0.3793103448275862,0.5862068965517241,0.3793103448275862,-1.8000000000000007,0.034482758620689655
stage1e_single_agent_guaranteed_homing,5,1,5900,68,1,140,110,1,0,59.14238739013672,1.0,1.0,1.0,0.3,0.0,0,0,3,140,97,122,25,1.0,2,0.1,0.12857142857142856,0.05714285714285714,-1.3200000000000005,0.007142857142857143
stage1e_single_agent_guaranteed_homing,5,1,6040,69,1,140,110,1,0,56.86557388305664,1.0,1.0,1.0,0.36666666666666664,0.0,0,0,3,140,23,96,73,1.0,6,0.20714285714285716,0.36428571428571427,0.24285714285714285,-4.079999999999999,0.007142857142857143
stage1e_single_agent_guaranteed_homing,5,1,6180,70,1,140,110,1,0,-3.278705596923828,0.0,0.0,0.0,0.43333333333333335,0.0,0,0,4,140,-1,-1,-1,0.0,0,0.0,0.0,0.0,0.0,0.0
stage1e_single_agent_guaranteed_homing,5,1,6320,71,1,140,110,1,0,57.636329650878906,1.0,1.0,1.0,0.36666666666666664,0.0,0,0,3,140,114,115,1,1.0,0,0.0,0.007142857142857143,0.0,-0.06,0.007142857142857143
stage1e_single_agent_guaranteed_homing,5,1,6460,72,1,140,110,1,0,-5.720116138458252,0.0,0.0,0.0,0.3,0.0,0,0,4,140,-1,-1,-1,0.0,0,0.0,0.0,0.0,0.0,0.0
stage1e_single_agent_guaranteed_homing,5,1,6600,73,1,140,110,1,0,-3.1778557300567627,0.0,0.0,0.0,0.23333333333333334,0.0,0,0,4,140,-1,-1,-1,0.0,0,0.0,0.0,0.0,0.0,0.0
stage1e_single_agent_guaranteed_homing,5,1,6740,74,1,140,110,1,0,-25.914024353027344,1.0,1.0,0.0,0.36666666666666664,0.0,0,0,3,140,22,-1,-1,0.0,10,0.4857142857142857,0.6714285714285714,0.3,-6.899999999999989,0.0
stage1e_single_agent_guaranteed_homing,5,1,6880,75,1,140,110,1,0,58.87875747680664,1.0,1.0,1.0,0.3,0.0,0,0,3,140,8,15,7,1.0,1,0.007142857142857143,0.02857142857142857,0.014285714285714285,-0.3,0.007142857142857143
stage1e_single_agent_guaranteed_homing,5,1,7020,76,1,140,110,1,0,-22.555828094482422,1.0,1.0,0.0,0.3333333333333333,0.0,0,0,3,140,2,-1,-1,0.0,11,0.5142857142857142,0.7,0.3357142857142857,-7.289999999999987,0.0
stage1f_single_agent_delivery_bridge,6,1,7210,77,1,220,220,1,1,-4.053175926208496,0.0,0.0,0.0,0.06,0.0,0,0,4,170,-1,-1,-1,0.0,0,0.0,0.0,0.0,0.0,0.0
stage1f_single_agent_delivery_bridge,6,1,7380,78,1,220,220,1,1,-27.309019088745117,1.0,1.0,0.0,0.1,0.0,0,0,3,170,1,-1,-1,0.0,11,0.711764705882353,0.8058823529411765,0.5411764705882353,-10.979999999999992,0.0
stage1f_single_agent_delivery_bridge,6,1,7550,79,1,220,220,1,1,52.3558349609375,1.0,1.0,1.0,0.15,0.0,0,0,3,170,28,129,101,1.0,8,0.3352941176470588,0.40588235294117647,0.3176470588235294,-5.759999999999995,0.0058823529411764705
stage1f_single_agent_delivery_bridge,6,1,7720,80,1,220,220,1,1,35.3043327331543,2.0,2.0,1.0,0.09,0.0,0,0,2,170,5,63,58,0.5,11,0.38235294117647056,0.5176470588235295,0.4,-7.31999999999999,0.0058823529411764705
stage1f_single_agent_delivery_bridge,6,1,7890,81,1,220,220,1,1,-30.515113830566406,1.0,1.0,0.0,0.07,0.0,0,0,3,170,2,-1,-1,0.0,16,0.6294117647058823,0.7764705882352941,0.6705882352941176,-11.339999999999987,0.0
stage1f_single_agent_delivery_bridge,6,1,8060,82,1,220,220,1,1,54.89785385131836,1.0,1.0,1.0,0.09,0.0,0,0,3,170,9,35,26,1.0,1,0.07647058823529412,0.08823529411764706,0.052941176470588235,-1.17,0.0058823529411764705
