family,condition,seed,n_agents,max_steps,active_targets,food_source_capacity,pheromone_enabled,checkpoint_dir,food_picked_up,food_delivered,delivery_conversion,early_deliveries,late_deliveries,late_delivery_fraction,post_discovery_deliveries,time_to_first_discovery,time_to_first_delivery,pickup_to_delivery_latency,exploration_coverage,pheromone_usage,episode_length
focused_pheromone_ablation_extended_30_agents,trained_with_pheromone__eval_with_pheromone,100,1,1200,1,12,True,checkpoints/mappo_g/latest,0,0,0.0,0,0,0.0,0,-1,-1,-1.0,0.051694915254237285,0.0,1200
focused_pheromone_ablation_extended_30_agents,trained_with_pheromone__eval_with_pheromone,101,1,1200,1,12,True,checkpoints/mappo_g/latest,0,0,0.0,0,0,0.0,0,-1,-1,-1.0,0.075,0.0,1200
focused_pheromone_ablation_extended_30_agents,trained_with_pheromone__eval_with_pheromone,102,1,1200,1,12,True,checkpoints/mappo_g/latest,0,0,0.0,0,0,0.0,0,-1,-1,-1.0,0.06694915254237288,0.0,1200
focused_pheromone_ablation_extended_30_agents,trained_with_pheromone__eval_with_pheromone,103,1,1200,1,12,True,checkpoints/mappo_g/latest,0,0,0.0,0,0,0.0,0,-1,-1,-1.0,0.07033898305084746,0.0,1200
focused_pheromone_ablation_extended_30_agents,trained_with_pheromone__eval_with_pheromone,104,1,1200,1,12,True,checkpoints/mappo_g/latest,0,0,0.0,0,0,0.0,0,-1,-1,-1.0,0.09872881355932203,0.0,1200
focused_pheromone_ablation_extended_30_agents,trained_with_pheromone__eval_with_pheromone,105,1,1200,1,12,True,checkpoints/mappo_g/latest,0,0,0.0,0,0,0.0,0,-1,-1,-1.0,0.06228813559322034,0.0,1200
focused_pheromone_ablation_extended_30_agents,trained_with_pheromone__eval_with_pheromone,106,1,1200,1,12,True,checkpoints/mappo_g/latest,0,0,0.0,0,0,0.0,0,-1,-1,-1.0,0.03983050847457627,0.0,1200
focused_pheromone_ablation_extended_30_agents,trained_with_pheromone__eval_with_pheromone,107,1,1200,1,12,True,checkpoints/mappo_g/latest,0,0,0.0,0,0,0.0,0,-1,-1,-1.0,0.08559322033898305,0.0,1200
focused_pheromone_ablation_extended_30_agents,trained_with_pheromone__eval_with_pheromone,108,1,1200,1,12,True,checkpoints/mappo_g/latest,0,0,0.0,0,0,0.0,0,-1,-1,-1.0,0.06991525423728813,0.0,1200
focused_pheromone_ablation_extended_30_agents,trained_with_pheromone__eval_with_pheromone,109,1,1200,1,12,True,checkpoints/mappo_g/latest,1,1,1.0,0,1,1.0,1,780,854,74.0,0.050423728813559325,0.0163534299559736,1200
focused_pheromone_ablation_extended_30_agents,trained_with_pheromone__eval_with_pheromone,110,1,1200,1,12,True,checkpoints/mappo_g/latest,0,0,0.0,0,0,0.0,0,-1,-1,-1.0,0.03177966101694915,0.0,1200
focused_pheromone_ablation_extended_30_agents,trained_with_pheromone__eval_with_pheromone,111,1,1200,1,12,True,checkpoints/mappo_g/latest,0,0,0.0,0,0,0.0,0,-1,-1,-1.0,0.0711864406779661,0.0,1200
focused_pheromone_ablation_extended_30_agents,trained_with_pheromone__eval_with_pheromone,112,1,1200,1,12,True,checkpoints/mappo_g/latest,0,0,0.0,0,0,0.0,0,-1,-1,-1.0,0.07796610169491526,0.0,1200
focused_pheromone_ablation_extended_30_agents,trained_with_pheromone__eval_with_pheromone,113,1,1200,1,12,True,checkpoints/mappo_g/latest,0,0,0.0,0,0,0.0,0,-1,-1,-1.0,0.050423728813559325,0.0,1200
focused_pheromone_ablation_extended_30_agents,trained_with_pheromone__eval_with_pheromone,114,1,1200,1,12,True,checkpoints/mappo_g/latest,1,1,1.0,0,1,1.0,1,784,860,76.0,0.10042372881355932,0.03614185215662777,1200
focused_pheromone_ablation_extended_30_agents,trained_with_pheromone__eval_with_pheromone,115,1,1200,1,12,True,checkpoints/mappo_g/latest,0,0,0.0,0,0,0.0,0,-1,-1,-1.0,0.07076271186440677,0.0,1200
focused_pheromone_ablation_extended_30_agents,trained_with_pheromone__eval_with_pheromone,116,1,1200,1,12,True,checkpoints/mappo_g/latest,0,0,0.0,0,0,0.0,0,-1,-1,-1.0,0.10042372881355932,0.0,1200
focused_pheromone_ablation_extended_30_agents,trained_with_pheromone__eval_with_pheromone,117,1,1200,1,12,True,checkpoints/mappo_g/latest,0,0,0.0,0,0,0.0,0,-1,-1,-1.0,0.07330508474576271,0.0,1200
focused_pheromone_ablation_extended_30_agents,trained_with_pheromone__eval_with_pheromone,118,1,1200,1,12,True,checkpoints/mappo_g/latest,0,0,0.0,0,0,0.0,0,-1,-1,-1.0,0.05635593220338983,0.0,1200
focused_pheromone_ablation_extended_30_agents,trained_with_pheromone__eval_with_pheromone,119,1,1200,1,12,True,checkpoints/mappo_g/latest,0,0,0.0,0,0,0.0,0,-1,-1,-1.0,0.08093220338983051,0.0,1200
focused_pheromone_ablation_extended_30_agents,trained_with_pheromone__eval_without_pheromone,100,1,1200,1,12,False,checkpoints/mappo_g/latest,0,0,0.0,0,0,0.0,0,-1,-1,-1.0,0.051694915254237285,0.0,1200
focused_pheromone_ablation_extended_30_agents,trained_with_pheromone__eval_without_pheromone,101,1,1200,1,12,False,checkpoints/mappo_g/latest,0,0,0.0,0,0,0.0,0,-1,-1,-1.0,0.075,0.0,1200
focused_pheromone_ablation_extended_30_agents,trained_with_pheromone__eval_without_pheromone,102,1,1200,1,12,False,checkpoints/mappo_g/latest,0,0,0.0,0,0,0.0,0,-1,-1,-1.0,0.06694915254237288,0.0,1200
focused_pheromone_ablation_extended_30_agents,trained_with_pheromone__eval_without_pheromone,103,1,1200,1,12,False,checkpoints/mappo_g/latest,0,0,0.0,0,0,0.0,0,-1,-1,-1.0,0.07033898305084746,0.0,1200
focused_pheromone_ablation_extended_30_agents,trained_with_pheromone__eval_without_pheromone,104,1,1200,1,12,False,checkpoints/mappo_g/latest,0,0,0.0,0,0,0.0,0,-1,-1,-1.0,0.09872881355932203,0.0,1200
focused_pheromone_ablation_extended_30_agents,trained_with_pheromone__eval_without_pheromone,105,1,1200,1,12,False,checkpoints/mappo_g/latest,0,0,0.0,0,0,0.0,0,-1,-1,-1.0,0.06228813559322034,0.0,1200
focused_pheromone_ablation_extended_30_agents,trained_with_pheromone__eval_without_pheromone,106,1,1200,1,12,False,checkpoints/mappo_g/latest,0,0,0.0,0,0,0.0,0,-1,-1,-1.0,0.03983050847457627,0.0,1200
focused_pheromone_ablation_extended_30_agents,trained_with_pheromone__eval_without_pheromone,107,1,1200,1,12,False,checkpoints/mappo_g/latest,0,0,0.0,0,0,0.0,0,-1,-1,-1.0,0.08559322033898305,0.0,1200
focused_pheromone_ablation_extended_30_agents,trained_with_pheromone__eval_without_pheromone,108,1,1200,1,12,False,checkpoints/mappo_g/latest,0,0,0.0,0,0,0.0,0,-1,-1,-1.0,0.06991525423728813,0.0,1200
focused_pheromone_ablation_extended_30_agents,trained_with_pheromone__eval_without_pheromone,109,1,1200,1,12,False,checkpoints/mappo_g/latest,1,1,1.0,0,1,1.0,1,780,858,78.0,0.044915254237288135,0.0,1200
focused_pheromone_ablation_extended_30_agents,trained_with_pheromone__eval_without_pheromone,110,1,1200,1,12,False,checkpoints/mappo_g/latest,0,0,0.0,0,0,0.0,0,-1,-1,-1.0,0.0614406779661017,0.0,1200
focused_pheromone_ablation_extended_30_agents,trained_with_pheromone__eval_without_pheromone,111,1,1200,1,12,False,checkpoints/mappo_g/latest,0,0,0.0,0,0,0.0,0,-1,-1,-1.0,0.0711864406779661,0.0,1200
focused_pheromone_ablation_extended_30_agents,trained_with_pheromone__eval_without_pheromone,112,1,1200,1,12,False,checkpoints/mappo_g/latest,0,0,0.0,0,0,0.0,0,-1,-1,-1.0,0.07796610169491526,0.0,1200
focused_pheromone_ablation_extended_30_agents,trained_with_pheromone__eval_without_pheromone,113,1,1200,1,12,False,checkpoints/mappo_g/latest,0,0,0.0,0,0,0.0,0,-1,-1,-1.0,0.050423728813559325,0.0,1200
focused_pheromone_ablation_extended_30_agents,trained_with_pheromone__eval_without_pheromone,114,1,1200,1,12,False,checkpoints/mappo_g/latest,1,0,0.0,0,0,0.0,0,784,-1,-1.0,0.08559322033898305,0.0,1200
focused_pheromone_ablation_extended_30_agents,trained_with_pheromone__eval_without_pheromone,115,1,1200,1,12,False,checkpoints/mappo_g/latest,0,0,0.0,0,0,0.0,0,-1,-1,-1.0,0.07076271186440677,0.0,1200
focused_pheromone_ablation_extended_30_agents,trained_with_pheromone__eval_without_pheromone,116,1,1200,1,12,False,checkpoints/mappo_g/latest,0,0,0.0,0,0,0.0,0,-1,-1,-1.0,0.10042372881355932,0.0,1200
focused_pheromone_ablation_extended_30_agents,trained_with_pheromone__eval_without_pheromone,117,1,1200,1,12,False,checkpoints/mappo_g/latest,0,0,0.0,0,0,0.0,0,-1,-1,-1.0,0.07330508474576271,0.0,1200
focused_pheromone_ablation_extended_30_agents,trained_with_pheromone__eval_without_pheromone,118,1,1200,1,12,False,checkpoints/mappo_g/latest,0,0,0.0,0,0,0.0,0,-1,-1,-1.0,0.05635593220338983,0.0,1200
focused_pheromone_ablation_extended_30_agents,trained_with_pheromone__eval_without_pheromone,119,1,1200,1,12,False,checkpoints/mappo_g/latest,0,0,0.0,0,0,0.0,0,-1,-1,-1.0,0.08093220338983051,0.0,1200
focused_pheromone_ablation_extended_30_agents,trained_without_pheromone__eval_without_pheromone,100,1,1200,1,12,False,checkpoints/mappo_g_no_pher_true/latest,0,0,0.0,0,0,0.0,0,-1,-1,-1.0,0.06440677966101695,0.0,1200
focused_pheromone_ablation_extended_30_agents,trained_without_pheromone__eval_without_pheromone,101,1,1200,1,12,False,checkpoints/mappo_g_no_pher_true/latest,0,0,0.0,0,0,0.0,0,-1,-1,-1.0,0.0711864406779661,0.0,1200
focused_pheromone_ablation_extended_30_agents,trained_without_pheromone__eval_without_pheromone,102,1,1200,1,12,False,checkpoints/mappo_g_no_pher_true/latest,0,0,0.0,0,0,0.0,0,-1,-1,-1.0,0.07966101694915254,0.0,1200
focused_pheromone_ablation_extended_30_agents,trained_without_pheromone__eval_without_pheromone,103,1,1200,1,12,False,checkpoints/mappo_g_no_pher_true/latest,0,0,0.0,0,0,0.0,0,-1,-1,-1.0,0.07542372881355933,0.0,1200
focused_pheromone_ablation_extended_30_agents,trained_without_pheromone__eval_without_pheromone,104,1,1200,1,12,False,checkpoints/mappo_g_no_pher_true/latest,0,0,0.0,0,0,0.0,0,-1,-1,-1.0,0.07966101694915254,0.0,1200
focused_pheromone_ablation_extended_30_agents,trained_without_pheromone__eval_without_pheromone,105,1,1200,1,12,False,checkpoints/mappo_g_no_pher_true/latest,0,0,0.0,0,0,0.0,0,-1,-1,-1.0,0.043220338983050846,0.0,1200
focused_pheromone_ablation_extended_30_agents,trained_without_pheromone__eval_without_pheromone,106,1,1200,1,12,False,checkpoints/mappo_g_no_pher_true/latest,0,0,0.0,0,0,0.0,0,-1,-1,-1.0,0.03940677966101695,0.0,1200
focused_pheromone_ablation_extended_30_agents,trained_without_pheromone__eval_without_pheromone,107,1,1200,1,12,False,checkpoints/mappo_g_no_pher_true/latest,0,0,0.0,0,0,0.0,0,-1,-1,-1.0,0.06440677966101695,0.0,1200
focused_pheromone_ablation_extended_30_agents,trained_without_pheromone__eval_without_pheromone,108,1,1200,1,12,False,checkpoints/mappo_g_no_pher_true/latest,0,0,0.0,0,0,0.0,0,-1,-1,-1.0,0.059322033898305086,0.0,1200
focused_pheromone_ablation_extended_30_agents,trained_without_pheromone__eval_without_pheromone,109,1,1200,1,12,False,checkpoints/mappo_g_no_pher_true/latest,1,1,1.0,0,1,1.0,1,136,432,296.0,0.03474576271186441,0.0,1200
focused_pheromone_ablation_extended_30_agents,trained_without_pheromone__eval_without_pheromone,110,1,1200,1,12,False,checkpoints/mappo_g_no_pher_true/latest,0,0,0.0,0,0,0.0,0,-1,-1,-1.0,0.06822033898305084,0.0,1200
focused_pheromone_ablation_extended_30_agents,trained_without_pheromone__eval_without_pheromone,111,1,1200,1,12,False,checkpoints/mappo_g_no_pher_true/latest,0,0,0.0,0,0,0.0,0,-1,-1,-1.0,0.03983050847457627,0.0,1200
focused_pheromone_ablation_extended_30_agents,trained_without_pheromone__eval_without_pheromone,112,1,1200,1,12,False,checkpoints/mappo_g_no_pher_true/latest,0,0,0.0,0,0,0.0,0,-1,-1,-1.0,0.08601694915254238,0.0,1200
focused_pheromone_ablation_extended_30_agents,trained_without_pheromone__eval_without_pheromone,113,1,1200,1,12,False,checkpoints/mappo_g_no_pher_true/latest,0,0,0.0,0,0,0.0,0,-1,-1,-1.0,0.05974576271186441,0.0,1200
focused_pheromone_ablation_extended_30_agents,trained_without_pheromone__eval_without_pheromone,114,1,1200,1,12,False,checkpoints/mappo_g_no_pher_true/latest,1,1,1.0,0,1,1.0,1,708,777,69.0,0.1114406779661017,0.0,1200
focused_pheromone_ablation_extended_30_agents,trained_without_pheromone__eval_without_pheromone,115,1,1200,1,12,False,checkpoints/mappo_g_no_pher_true/latest,0,0,0.0,0,0,0.0,0,-1,-1,-1.0,0.06949152542372881,0.0,1200
focused_pheromone_ablation_extended_30_agents,trained_without_pheromone__eval_without_pheromone,116,1,1200,1,12,False,checkpoints/mappo_g_no_pher_true/latest,0,0,0.0,0,0,0.0,0,-1,-1,-1.0,0.1016949152542373,0.0,1200
focused_pheromone_ablation_extended_30_agents,trained_without_pheromone__eval_without_pheromone,117,1,1200,1,12,False,checkpoints/mappo_g_no_pher_true/latest,0,0,0.0,0,0,0.0,0,-1,-1,-1.0,0.04194915254237288,0.0,1200
focused_pheromone_ablation_extended_30_agents,trained_without_pheromone__eval_without_pheromone,118,1,1200,1,12,False,checkpoints/mappo_g_no_pher_true/latest,0,0,0.0,0,0,0.0,0,-1,-1,-1.0,0.0711864406779661,0.0,1200
focused_pheromone_ablation_extended_30_agents,trained_without_pheromone__eval_without_pheromone,119,1,1200,1,12,False,checkpoints/mappo_g_no_pher_true/latest,0,0,0.0,0,0,0.0,0,-1,-1,-1.0,0.05974576271186441,0.0,1200
focused_pheromone_ablation_extended_30_agents,trained_with_pheromone__eval_with_pheromone,100,3,1200,1,12,True,checkpoints/mappo_g/latest,0,0,0.0,0,0,0.0,0,-1,-1,-1.0,0.18305084745762712,0.0,1200
focused_pheromone_ablation_extended_30_agents,trained_with_pheromone__eval_with_pheromone,101,3,1200,1,12,True,checkpoints/mappo_g/latest,1,1,1.0,1,0,0.0,1,52,268,216.0,0.16483050847457628,0.00972852466566514,1200
focused_pheromone_ablation_extended_30_agents,trained_with_pheromone__eval_with_pheromone,102,3,1200,1,12,True,checkpoints/mappo_g/latest,0,0,0.0,0,0,0.0,0,-1,-1,-1.0,0.20042372881355933,0.0,1200
focused_pheromone_ablation_extended_30_agents,trained_with_pheromone__eval_with_pheromone,103,3,1200,1,12,True,checkpoints/mappo_g/latest,0,0,0.0,0,0,0.0,0,-1,-1,-1.0,0.1309322033898305,0.0,1200
focused_pheromone_ablation_extended_30_agents,trained_with_pheromone__eval_with_pheromone,104,3,1200,1,12,True,checkpoints/mappo_g/latest,0,0,0.0,0,0,0.0,0,-1,-1,-1.0,0.2326271186440678,0.0,1200
focused_pheromone_ablation_extended_30_agents,trained_with_pheromone__eval_with_pheromone,105,3,1200,1,12,True,checkpoints/mappo_g/latest,0,0,0.0,0,0,0.0,0,-1,-1,-1.0,0.12754237288135592,0.0,1200
focused_pheromone_ablation_extended_30_agents,trained_with_pheromone__eval_with_pheromone,106,3,1200,1,12,True,checkpoints/mappo_g/latest,0,0,0.0,0,0,0.0,0,-1,-1,-1.0,0.061016949152542375,0.0,1200
focused_pheromone_ablation_extended_30_agents,trained_with_pheromone__eval_with_pheromone,107,3,1200,1,12,True,checkpoints/mappo_g/latest,1,1,1.0,0,1,1.0,1,352,433,81.0,0.2305084745762712,0.001779126818033142,1200
focused_pheromone_ablation_extended_30_agents,trained_with_pheromone__eval_with_pheromone,108,3,1200,1,12,True,checkpoints/mappo_g/latest,0,0,0.0,0,0,0.0,0,-1,-1,-1.0,0.09152542372881356,0.0,1200
focused_pheromone_ablation_extended_30_agents,trained_with_pheromone__eval_with_pheromone,109,3,1200,1,12,True,checkpoints/mappo_g/latest,2,1,0.5,0,1,1.0,1,334,505,171.0,0.20042372881355933,0.017901283542742022,1200
focused_pheromone_ablation_extended_30_agents,trained_with_pheromone__eval_with_pheromone,110,3,1200,1,12,True,checkpoints/mappo_g/latest,0,0,0.0,0,0,0.0,0,-1,-1,-1.0,0.09830508474576272,0.0,1200
focused_pheromone_ablation_extended_30_agents,trained_with_pheromone__eval_with_pheromone,111,3,1200,1,12,True,checkpoints/mappo_g/latest,0,0,0.0,0,0,0.0,0,-1,-1,-1.0,0.13220338983050847,0.0,1200
focused_pheromone_ablation_extended_30_agents,trained_with_pheromone__eval_with_pheromone,112,3,1200,1,12,True,checkpoints/mappo_g/latest,0,0,0.0,0,0,0.0,0,-1,-1,-1.0,0.15,0.0,1200
focused_pheromone_ablation_extended_30_agents,trained_with_pheromone__eval_with_pheromone,113,3,1200,1,12,True,checkpoints/mappo_g/latest,0,0,0.0,0,0,0.0,0,-1,-1,-1.0,0.0961864406779661,0.0,1200
focused_pheromone_ablation_extended_30_agents,trained_with_pheromone__eval_with_pheromone,114,3,1200,1,12,True,checkpoints/mappo_g/latest,2,1,0.5,0,1,1.0,1,224,445,221.0,0.08601694915254238,0.04209379891329768,1200
focused_pheromone_ablation_extended_30_agents,trained_with_pheromone__eval_with_pheromone,115,3,1200,1,12,True,checkpoints/mappo_g/latest,1,1,1.0,1,0,0.0,1,6,276,270.0,0.2055084745762712,0.01919104861494917,1200
focused_pheromone_ablation_extended_30_agents,trained_with_pheromone__eval_with_pheromone,116,3,1200,1,12,True,checkpoints/mappo_g/latest,0,0,0.0,0,0,0.0,0,-1,-1,-1.0,0.17754237288135594,0.0,1200
focused_pheromone_ablation_extended_30_agents,trained_with_pheromone__eval_with_pheromone,117,3,1200,1,12,True,checkpoints/mappo_g/latest,0,0,0.0,0,0,0.0,0,-1,-1,-1.0,0.13601694915254237,0.0,1200
focused_pheromone_ablation_extended_30_agents,trained_with_pheromone__eval_with_pheromone,118,3,1200,1,12,True,checkpoints/mappo_g/latest,0,0,0.0,0,0,0.0,0,-1,-1,-1.0,0.11864406779661017,0.0,1200
focused_pheromone_ablation_extended_30_agents,trained_with_pheromone__eval_with_pheromone,119,3,1200,1,12,True,checkpoints/mappo_g/latest,0,0,0.0,0,0,0.0,0,-1,-1,-1.0,0.16864406779661018,0.0,1200
focused_pheromone_ablation_extended_30_agents,trained_with_pheromone__eval_without_pheromone,100,3,1200,1,12,False,checkpoints/mappo_g/latest,0,0,0.0,0,0,0.0,0,-1,-1,-1.0,0.18305084745762712,0.0,1200
focused_pheromone_ablation_extended_30_agents,trained_with_pheromone__eval_without_pheromone,101,3,1200,1,12,False,checkpoints/mappo_g/latest,1,1,1.0,1,0,0.0,1,52,267,215.0,0.175,0.0,1200
focused_pheromone_ablation_extended_30_agents,trained_with_pheromone__eval_without_pheromone,102,3,1200,1,12,False,checkpoints/mappo_g/latest,0,0,0.0,0,0,0.0,0,-1,-1,-1.0,0.20042372881355933,0.0,1200
focused_pheromone_ablation_extended_30_agents,trained_with_pheromone__eval_without_pheromone,103,3,1200,1,12,False,checkpoints/mappo_g/latest,0,0,0.0,0,0,0.0,0,-1,-1,-1.0,0.1309322033898305,0.0,1200
focused_pheromone_ablation_extended_30_agents,trained_with_pheromone__eval_without_pheromone,104,3,1200,1,12,False,checkpoints/mappo_g/latest,0,0,0.0,0,0,0.0,0,-1,-1,-1.0,0.2326271186440678,0.0,1200
focused_pheromone_ablation_extended_30_agents,trained_with_pheromone__eval_without_pheromone,105,3,1200,1,12,False,checkpoints/mappo_g/latest,0,0,0.0,0,0,0.0,0,-1,-1,-1.0,0.12754237288135592,0.0,1200
focused_pheromone_ablation_extended_30_agents,trained_with_pheromone__eval_without_pheromone,106,3,1200,1,12,False,checkpoints/mappo_g/latest,0,0,0.0,0,0,0.0,0,-1,-1,-1.0,0.061016949152542375,0.0,1200
focused_pheromone_ablation_extended_30_agents,trained_with_pheromone__eval_without_pheromone,107,3,1200,1,12,False,checkpoints/mappo_g/latest,3,3,1.0,0,3,1.0,3,352,436,84.0,0.24322033898305084,0.0,1200
focused_pheromone_ablation_extended_30_agents,trained_with_pheromone__eval_without_pheromone,108,3,1200,1,12,False,checkpoints/mappo_g/latest,0,0,0.0,0,0,0.0,0,-1,-1,-1.0,0.13516949152542374,0.0,1200
focused_pheromone_ablation_extended_30_agents,trained_with_pheromone__eval_without_pheromone,109,3,1200,1,12,False,checkpoints/mappo_g/latest,3,2,0.6666666666666666,0,2,1.0,2,334,474,140.0,0.23559322033898306,0.0,1200
focused_pheromone_ablation_extended_30_agents,trained_with_pheromone__eval_without_pheromone,110,3,1200,1,12,False,checkpoints/mappo_g/latest,0,0,0.0,0,0,0.0,0,-1,-1,-1.0,0.09830508474576272,0.0,1200
focused_pheromone_ablation_extended_30_agents,trained_with_pheromone__eval_without_pheromone,111,3,1200,1,12,False,checkpoints/mappo_g/latest,0,0,0.0,0,0,0.0,0,-1,-1,-1.0,0.13220338983050847,0.0,1200
focused_pheromone_ablation_extended_30_agents,trained_with_pheromone__eval_without_pheromone,112,3,1200,1,12,False,checkpoints/mappo_g/latest,0,0,0.0,0,0,0.0,0,-1,-1,-1.0,0.15,0.0,1200
focused_pheromone_ablation_extended_30_agents,trained_with_pheromone__eval_without_pheromone,113,3,1200,1,12,False,checkpoints/mappo_g/latest,0,0,0.0,0,0,0.0,0,-1,-1,-1.0,0.0961864406779661,0.0,1200
focused_pheromone_ablation_extended_30_agents,trained_with_pheromone__eval_without_pheromone,114,3,1200,1,12,False,checkpoints/mappo_g/latest,2,1,0.5,0,1,1.0,1,224,471,247.0,0.12415254237288136,0.0,1200
focused_pheromone_ablation_extended_30_agents,trained_with_pheromone__eval_without_pheromone,115,3,1200,1,12,False,checkpoints/mappo_g/latest,1,1,1.0,1,0,0.0,1,6,248,242.0,0.16779661016949152,0.0,1200
focused_pheromone_ablation_extended_30_agents,trained_with_pheromone__eval_without_pheromone,116,3,1200,1,12,False,checkpoints/mappo_g/latest,0,0,0.0,0,0,0.0,0,-1,-1,-1.0,0.17754237288135594,0.0,1200
focused_pheromone_ablation_extended_30_agents,trained_with_pheromone__eval_without_pheromone,117,3,1200,1,12,False,checkpoints/mappo_g/latest,0,0,0.0,0,0,0.0,0,-1,-1,-1.0,0.13601694915254237,0.0,1200
focused_pheromone_ablation_extended_30_agents,trained_with_pheromone__eval_without_pheromone,118,3,1200,1,12,False,checkpoints/mappo_g/latest,0,0,0.0,0,0,0.0,0,-1,-1,-1.0,0.11864406779661017,0.0,1200
focused_pheromone_ablation_extended_30_agents,trained_with_pheromone__eval_without_pheromone,119,3,1200,1,12,False,checkpoints/mappo_g/latest,0,0,0.0,0,0,0.0,0,-1,-1,-1.0,0.16864406779661018,0.0,1200
focused_pheromone_ablation_extended_30_agents,trained_without_pheromone__eval_without_pheromone,100,3,1200,1,12,False,checkpoints/mappo_g_no_pher_true/latest,0,0,0.0,0,0,0.0,0,-1,-1,-1.0,0.12330508474576271,0.0,1200
focused_pheromone_ablation_extended_30_agents,trained_without_pheromone__eval_without_pheromone,101,3,1200,1,12,False,checkpoints/mappo_g_no_pher_true/latest,0,0,0.0,0,0,0.0,0,-1,-1,-1.0,0.15127118644067797,0.0,1200
focused_pheromone_ablation_extended_30_agents,trained_without_pheromone__eval_without_pheromone,102,3,1200,1,12,False,checkpoints/mappo_g_no_pher_true/latest,0,0,0.0,0,0,0.0,0,-1,-1,-1.0,0.1826271186440678,0.0,1200
focused_pheromone_ablation_extended_30_agents,trained_without_pheromone__eval_without_pheromone,103,3,1200,1,12,False,checkpoints/mappo_g_no_pher_true/latest,0,0,0.0,0,0,0.0,0,-1,-1,-1.0,0.1385593220338983,0.0,1200
focused_pheromone_ablation_extended_30_agents,trained_without_pheromone__eval_without_pheromone,104,3,1200,1,12,False,checkpoints/mappo_g_no_pher_true/latest,0,0,0.0,0,0,0.0,0,-1,-1,-1.0,0.18389830508474575,0.0,1200
focused_pheromone_ablation_extended_30_agents,trained_without_pheromone__eval_without_pheromone,105,3,1200,1,12,False,checkpoints/mappo_g_no_pher_true/latest,0,0,0.0,0,0,0.0,0,-1,-1,-1.0,0.13644067796610168,0.0,1200
focused_pheromone_ablation_extended_30_agents,trained_without_pheromone__eval_without_pheromone,106,3,1200,1,12,False,checkpoints/mappo_g_no_pher_true/latest,0,0,0.0,0,0,0.0,0,-1,-1,-1.0,0.0635593220338983,0.0,1200
focused_pheromone_ablation_extended_30_agents,trained_without_pheromone__eval_without_pheromone,107,3,1200,1,12,False,checkpoints/mappo_g_no_pher_true/latest,1,1,1.0,0,1,1.0,1,1138,1195,57.0,0.1961864406779661,0.0,1200
focused_pheromone_ablation_extended_30_agents,trained_without_pheromone__eval_without_pheromone,108,3,1200,1,12,False,checkpoints/mappo_g_no_pher_true/latest,0,0,0.0,0,0,0.0,0,-1,-1,-1.0,0.11101694915254237,0.0,1200
focused_pheromone_ablation_extended_30_agents,trained_without_pheromone__eval_without_pheromone,109,3,1200,1,12,False,checkpoints/mappo_g_no_pher_true/latest,2,2,1.0,0,2,1.0,2,621,690,69.0,0.1478813559322034,0.0,1200
focused_pheromone_ablation_extended_30_agents,trained_without_pheromone__eval_without_pheromone,110,3,1200,1,12,False,checkpoints/mappo_g_no_pher_true/latest,0,0,0.0,0,0,0.0,0,-1,-1,-1.0,0.10423728813559321,0.0,1200
focused_pheromone_ablation_extended_30_agents,trained_without_pheromone__eval_without_pheromone,111,3,1200,1,12,False,checkpoints/mappo_g_no_pher_true/latest,0,0,0.0,0,0,0.0,0,-1,-1,-1.0,0.11822033898305084,0.0,1200
focused_pheromone_ablation_extended_30_agents,trained_without_pheromone__eval_without_pheromone,112,3,1200,1,12,False,checkpoints/mappo_g_no_pher_true/latest,0,0,0.0,0,0,0.0,0,-1,-1,-1.0,0.1733050847457627,0.0,1200
focused_pheromone_ablation_extended_30_agents,trained_without_pheromone__eval_without_pheromone,113,3,1200,1,12,False,checkpoints/mappo_g_no_pher_true/latest,1,0,0.0,0,0,0.0,0,1168,-1,-1.0,0.12838983050847458,0.0,1200
focused_pheromone_ablation_extended_30_agents,trained_without_pheromone__eval_without_pheromone,114,3,1200,1,12,False,checkpoints/mappo_g_no_pher_true/latest,0,0,0.0,0,0,0.0,0,-1,-1,-1.0,0.12203389830508475,0.0,1200
focused_pheromone_ablation_extended_30_agents,trained_without_pheromone__eval_without_pheromone,115,3,1200,1,12,False,checkpoints/mappo_g_no_pher_true/latest,1,0,0.0,0,0,0.0,0,6,-1,-1.0,0.16483050847457628,0.0,1200
focused_pheromone_ablation_extended_30_agents,trained_without_pheromone__eval_without_pheromone,116,3,1200,1,12,False,checkpoints/mappo_g_no_pher_true/latest,0,0,0.0,0,0,0.0,0,-1,-1,-1.0,0.14491525423728813,0.0,1200
focused_pheromone_ablation_extended_30_agents,trained_without_pheromone__eval_without_pheromone,117,3,1200,1,12,False,checkpoints/mappo_g_no_pher_true/latest,0,0,0.0,0,0,0.0,0,-1,-1,-1.0,0.10805084745762712,0.0,1200
focused_pheromone_ablation_extended_30_agents,trained_without_pheromone__eval_without_pheromone,118,3,1200,1,12,False,checkpoints/mappo_g_no_pher_true/latest,0,0,0.0,0,0,0.0,0,-1,-1,-1.0,0.10296610169491525,0.0,1200
focused_pheromone_ablation_extended_30_agents,trained_without_pheromone__eval_without_pheromone,119,3,1200,1,12,False,checkpoints/mappo_g_no_pher_true/latest,0,0,0.0,0,0,0.0,0,-1,-1,-1.0,0.14915254237288136,0.0,1200
focused_pheromone_ablation_extended_30_agents,trained_with_pheromone__eval_with_pheromone,100,6,1200,1,12,True,checkpoints/mappo_g/latest,0,0,0.0,0,0,0.0,0,-1,-1,-1.0,0.286864406779661,0.0,1200
focused_pheromone_ablation_extended_30_agents,trained_with_pheromone__eval_with_pheromone,101,6,1200,1,12,True,checkpoints/mappo_g/latest,0,0,0.0,0,0,0.0,0,-1,-1,-1.0,0.1843220338983051,0.0,1200
focused_pheromone_ablation_extended_30_agents,trained_with_pheromone__eval_with_pheromone,102,6,1200,1,12,True,checkpoints/mappo_g/latest,0,0,0.0,0,0,0.0,0,-1,-1,-1.0,0.28559322033898304,0.0,1200
focused_pheromone_ablation_extended_30_agents,trained_with_pheromone__eval_with_pheromone,103,6,1200,1,12,True,checkpoints/mappo_g/latest,0,0,0.0,0,0,0.0,0,-1,-1,-1.0,0.20847457627118643,0.0,1200
focused_pheromone_ablation_extended_30_agents,trained_with_pheromone__eval_with_pheromone,104,6,1200,1,12,True,checkpoints/mappo_g/latest,0,0,0.0,0,0,0.0,0,-1,-1,-1.0,0.2995762711864407,0.0,1200
focused_pheromone_ablation_extended_30_agents,trained_with_pheromone__eval_with_pheromone,105,6,1200,1,12,True,checkpoints/mappo_g/latest,0,0,0.0,0,0,0.0,0,-1,-1,-1.0,0.2,0.0,1200
focused_pheromone_ablation_extended_30_agents,trained_with_pheromone__eval_with_pheromone,106,6,1200,1,12,True,checkpoints/mappo_g/latest,0,0,0.0,0,0,0.0,0,-1,-1,-1.0,0.15127118644067797,0.0,1200
focused_pheromone_ablation_extended_30_agents,trained_with_pheromone__eval_with_pheromone,107,6,1200,1,12,True,checkpoints/mappo_g/latest,4,4,1.0,0,4,1.0,4,368,442,74.0,0.32966101694915256,0.014787231829702957,1200
focused_pheromone_ablation_extended_30_agents,trained_with_pheromone__eval_with_pheromone,108,6,1200,1,12,True,checkpoints/mappo_g/latest,0,0,0.0,0,0,0.0,0,-1,-1,-1.0,0.17838983050847457,0.0,1200
focused_pheromone_ablation_extended_30_agents,trained_with_pheromone__eval_with_pheromone,109,6,1200,1,12,True,checkpoints/mappo_g/latest,3,3,1.0,0,3,1.0,3,270,486,216.0,0.31398305084745765,0.02713305901430431,1200
focused_pheromone_ablation_extended_30_agents,trained_with_pheromone__eval_with_pheromone,110,6,1200,1,12,True,checkpoints/mappo_g/latest,0,0,0.0,0,0,0.0,0,-1,-1,-1.0,0.15805084745762712,0.0,1200
focused_pheromone_ablation_extended_30_agents,trained_with_pheromone__eval_with_pheromone,111,6,1200,1,12,True,checkpoints/mappo_g/latest,0,0,0.0,0,0,0.0,0,-1,-1,-1.0,0.17966101694915254,0.0,1200
focused_pheromone_ablation_extended_30_agents,trained_with_pheromone__eval_with_pheromone,112,6,1200,1,12,True,checkpoints/mappo_g/latest,0,0,0.0,0,0,0.0,0,-1,-1,-1.0,0.2038135593220339,0.0,1200
focused_pheromone_ablation_extended_30_agents,trained_with_pheromone__eval_with_pheromone,113,6,1200,1,12,True,checkpoints/mappo_g/latest,2,2,1.0,1,1,0.5,2,171,243,72.0,0.211864406779661,0.007087890949219904,1200
focused_pheromone_ablation_extended_30_agents,trained_with_pheromone__eval_with_pheromone,114,6,1200,1,12,True,checkpoints/mappo_g/latest,2,2,1.0,0,2,1.0,2,460,605,145.0,0.2309322033898305,0.009121328794030381,1200
focused_pheromone_ablation_extended_30_agents,trained_with_pheromone__eval_with_pheromone,115,6,1200,1,12,True,checkpoints/mappo_g/latest,1,1,1.0,1,0,0.0,1,6,186,180.0,0.2593220338983051,0.008391495438659654,1200
focused_pheromone_ablation_extended_30_agents,trained_with_pheromone__eval_with_pheromone,116,6,1200,1,12,True,checkpoints/mappo_g/latest,0,0,0.0,0,0,0.0,0,-1,-1,-1.0,0.2639830508474576,0.0,1200
focused_pheromone_ablation_extended_30_agents,trained_with_pheromone__eval_with_pheromone,117,6,1200,1,12,True,checkpoints/mappo_g/latest,0,0,0.0,0,0,0.0,0,-1,-1,-1.0,0.21949152542372882,0.0,1200
focused_pheromone_ablation_extended_30_agents,trained_with_pheromone__eval_with_pheromone,118,6,1200,1,12,True,checkpoints/mappo_g/latest,0,0,0.0,0,0,0.0,0,-1,-1,-1.0,0.19279661016949154,0.0,1200
focused_pheromone_ablation_extended_30_agents,trained_with_pheromone__eval_with_pheromone,119,6,1200,1,12,True,checkpoints/mappo_g/latest,0,0,0.0,0,0,0.0,0,-1,-1,-1.0,0.20127118644067796,0.0,1200
focused_pheromone_ablation_extended_30_agents,trained_with_pheromone__eval_without_pheromone,100,6,1200,1,12,False,checkpoints/mappo_g/latest,0,0,0.0,0,0,0.0,0,-1,-1,-1.0,0.286864406779661,0.0,1200
focused_pheromone_ablation_extended_30_agents,trained_with_pheromone__eval_without_pheromone,101,6,1200,1,12,False,checkpoints/mappo_g/latest,0,0,0.0,0,0,0.0,0,-1,-1,-1.0,0.1843220338983051,0.0,1200
focused_pheromone_ablation_extended_30_agents,trained_with_pheromone__eval_without_pheromone,102,6,1200,1,12,False,checkpoints/mappo_g/latest,0,0,0.0,0,0,0.0,0,-1,-1,-1.0,0.28559322033898304,0.0,1200
focused_pheromone_ablation_extended_30_agents,trained_with_pheromone__eval_without_pheromone,103,6,1200,1,12,False,checkpoints/mappo_g/latest,0,0,0.0,0,0,0.0,0,-1,-1,-1.0,0.20847457627118643,0.0,1200
focused_pheromone_ablation_extended_30_agents,trained_with_pheromone__eval_without_pheromone,104,6,1200,1,12,False,checkpoints/mappo_g/latest,0,0,0.0,0,0,0.0,0,-1,-1,-1.0,0.2995762711864407,0.0,1200
focused_pheromone_ablation_extended_30_agents,trained_with_pheromone__eval_without_pheromone,105,6,1200,1,12,False,checkpoints/mappo_g/latest,0,0,0.0,0,0,0.0,0,-1,-1,-1.0,0.2,0.0,1200
focused_pheromone_ablation_extended_30_agents,trained_with_pheromone__eval_without_pheromone,106,6,1200,1,12,False,checkpoints/mappo_g/latest,0,0,0.0,0,0,0.0,0,-1,-1,-1.0,0.15127118644067797,0.0,1200
focused_pheromone_ablation_extended_30_agents,trained_with_pheromone__eval_without_pheromone,107,6,1200,1,12,False,checkpoints/mappo_g/latest,2,2,1.0,0,2,1.0,2,368,442,74.0,0.30466101694915254,0.0,1200
focused_pheromone_ablation_extended_30_agents,trained_with_pheromone__eval_without_pheromone,108,6,1200,1,12,False,checkpoints/mappo_g/latest,0,0,0.0,0,0,0.0,0,-1,-1,-1.0,0.1614406779661017,0.0,1200
focused_pheromone_ablation_extended_30_agents,trained_with_pheromone__eval_without_pheromone,109,6,1200,1,12,False,checkpoints/mappo_g/latest,1,1,1.0,0,1,1.0,1,473,589,116.0,0.30466101694915254,0.0,1200
focused_pheromone_ablation_extended_30_agents,trained_with_pheromone__eval_without_pheromone,110,6,1200,1,12,False,checkpoints/mappo_g/latest,0,0,0.0,0,0,0.0,0,-1,-1,-1.0,0.15805084745762712,0.0,1200
focused_pheromone_ablation_extended_30_agents,trained_with_pheromone__eval_without_pheromone,111,6,1200,1,12,False,checkpoints/mappo_g/latest,0,0,0.0,0,0,0.0,0,-1,-1,-1.0,0.17966101694915254,0.0,1200
focused_pheromone_ablation_extended_30_agents,trained_with_pheromone__eval_without_pheromone,112,6,1200,1,12,False,checkpoints/mappo_g/latest,0,0,0.0,0,0,0.0,0,-1,-1,-1.0,0.2038135593220339,0.0,1200
focused_pheromone_ablation_extended_30_agents,trained_with_pheromone__eval_without_pheromone,113,6,1200,1,12,False,checkpoints/mappo_g/latest,2,2,1.0,1,1,0.5,2,171,257,86.0,0.20296610169491525,0.0,1200
focused_pheromone_ablation_extended_30_agents,trained_with_pheromone__eval_without_pheromone,114,6,1200,1,12,False,checkpoints/mappo_g/latest,4,4,1.0,1,3,0.75,4,273,358,85.0,0.2635593220338983,0.0,1200
focused_pheromone_ablation_extended_30_agents,trained_with_pheromone__eval_without_pheromone,115,6,1200,1,12,False,checkpoints/mappo_g/latest,1,1,1.0,1,0,0.0,1,6,191,185.0,0.23813559322033898,0.0,1200
focused_pheromone_ablation_extended_30_agents,trained_with_pheromone__eval_without_pheromone,116,6,1200,1,12,False,checkpoints/mappo_g/latest,0,0,0.0,0,0,0.0,0,-1,-1,-1.0,0.27923728813559323,0.0,1200
focused_pheromone_ablation_extended_30_agents,trained_with_pheromone__eval_without_pheromone,117,6,1200,1,12,False,checkpoints/mappo_g/latest,0,0,0.0,0,0,0.0,0,-1,-1,-1.0,0.22330508474576272,0.0,1200
focused_pheromone_ablation_extended_30_agents,trained_with_pheromone__eval_without_pheromone,118,6,1200,1,12,False,checkpoints/mappo_g/latest,0,0,0.0,0,0,0.0,0,-1,-1,-1.0,0.19279661016949154,0.0,1200
focused_pheromone_ablation_extended_30_agents,trained_with_pheromone__eval_without_pheromone,119,6,1200,1,12,False,checkpoints/mappo_g/latest,0,0,0.0,0,0,0.0,0,-1,-1,-1.0,0.20127118644067796,0.0,1200
focused_pheromone_ablation_extended_30_agents,trained_without_pheromone__eval_without_pheromone,100,6,1200,1,12,False,checkpoints/mappo_g_no_pher_true/latest,0,0,0.0,0,0,0.0,0,-1,-1,-1.0,0.1656779661016949,0.0,1200
focused_pheromone_ablation_extended_30_agents,trained_without_pheromone__eval_without_pheromone,101,6,1200,1,12,False,checkpoints/mappo_g_no_pher_true/latest,0,0,0.0,0,0,0.0,0,-1,-1,-1.0,0.17838983050847457,0.0,1200
focused_pheromone_ablation_extended_30_agents,trained_without_pheromone__eval_without_pheromone,102,6,1200,1,12,False,checkpoints/mappo_g_no_pher_true/latest,0,0,0.0,0,0,0.0,0,-1,-1,-1.0,0.26228813559322034,0.0,1200
focused_pheromone_ablation_extended_30_agents,trained_without_pheromone__eval_without_pheromone,103,6,1200,1,12,False,checkpoints/mappo_g_no_pher_true/latest,0,0,0.0,0,0,0.0,0,-1,-1,-1.0,0.2305084745762712,0.0,1200
focused_pheromone_ablation_extended_30_agents,trained_without_pheromone__eval_without_pheromone,104,6,1200,1,12,False,checkpoints/mappo_g_no_pher_true/latest,0,0,0.0,0,0,0.0,0,-1,-1,-1.0,0.24110169491525424,0.0,1200
focused_pheromone_ablation_extended_30_agents,trained_without_pheromone__eval_without_pheromone,105,6,1200,1,12,False,checkpoints/mappo_g_no_pher_true/latest,0,0,0.0,0,0,0.0,0,-1,-1,-1.0,0.18008474576271186,0.0,1200
focused_pheromone_ablation_extended_30_agents,trained_without_pheromone__eval_without_pheromone,106,6,1200,1,12,False,checkpoints/mappo_g_no_pher_true/latest,0,0,0.0,0,0,0.0,0,-1,-1,-1.0,0.1504237288135593,0.0,1200
focused_pheromone_ablation_extended_30_agents,trained_without_pheromone__eval_without_pheromone,107,6,1200,1,12,False,checkpoints/mappo_g_no_pher_true/latest,2,2,1.0,0,2,1.0,2,361,426,65.0,0.25677966101694916,0.0,1200
focused_pheromone_ablation_extended_30_agents,trained_without_pheromone__eval_without_pheromone,108,6,1200,1,12,False,checkpoints/mappo_g_no_pher_true/latest,0,0,0.0,0,0,0.0,0,-1,-1,-1.0,0.14364406779661018,0.0,1200
focused_pheromone_ablation_extended_30_agents,trained_without_pheromone__eval_without_pheromone,109,6,1200,1,12,False,checkpoints/mappo_g_no_pher_true/latest,4,4,1.0,1,3,0.75,4,80,155,75.0,0.26016949152542374,0.0,1200
focused_pheromone_ablation_extended_30_agents,trained_without_pheromone__eval_without_pheromone,110,6,1200,1,12,False,checkpoints/mappo_g_no_pher_true/latest,1,1,1.0,1,0,0.0,1,83,233,150.0,0.2271186440677966,0.0,1200
focused_pheromone_ablation_extended_30_agents,trained_without_pheromone__eval_without_pheromone,111,6,1200,1,12,False,checkpoints/mappo_g_no_pher_true/latest,0,0,0.0,0,0,0.0,0,-1,-1,-1.0,0.175,0.0,1200
focused_pheromone_ablation_extended_30_agents,trained_without_pheromone__eval_without_pheromone,112,6,1200,1,12,False,checkpoints/mappo_g_no_pher_true/latest,0,0,0.0,0,0,0.0,0,-1,-1,-1.0,0.21906779661016948,0.0,1200
focused_pheromone_ablation_extended_30_agents,trained_without_pheromone__eval_without_pheromone,113,6,1200,1,12,False,checkpoints/mappo_g_no_pher_true/latest,2,2,1.0,1,1,0.5,2,171,249,78.0,0.2016949152542373,0.0,1200
focused_pheromone_ablation_extended_30_agents,trained_without_pheromone__eval_without_pheromone,114,6,1200,1,12,False,checkpoints/mappo_g_no_pher_true/latest,2,2,1.0,1,1,0.5,2,297,387,90.0,0.2266949152542373,0.0,1200
focused_pheromone_ablation_extended_30_agents,trained_without_pheromone__eval_without_pheromone,115,6,1200,1,12,False,checkpoints/mappo_g_no_pher_true/latest,0,0,0.0,0,0,0.0,0,-1,-1,-1.0,0.21652542372881356,0.0,1200
focused_pheromone_ablation_extended_30_agents,trained_without_pheromone__eval_without_pheromone,116,6,1200,1,12,False,checkpoints/mappo_g_no_pher_true/latest,0,0,0.0,0,0,0.0,0,-1,-1,-1.0,0.2830508474576271,0.0,1200
focused_pheromone_ablation_extended_30_agents,trained_without_pheromone__eval_without_pheromone,117,6,1200,1,12,False,checkpoints/mappo_g_no_pher_true/latest,0,0,0.0,0,0,0.0,0,-1,-1,-1.0,0.22161016949152543,0.0,1200
focused_pheromone_ablation_extended_30_agents,trained_without_pheromone__eval_without_pheromone,118,6,1200,1,12,False,checkpoints/mappo_g_no_pher_true/latest,3,3,1.0,0,3,1.0,3,660,741,81.0,0.19830508474576272,0.0,1200
focused_pheromone_ablation_extended_30_agents,trained_without_pheromone__eval_without_pheromone,119,6,1200,1,12,False,checkpoints/mappo_g_no_pher_true/latest,0,0,0.0,0,0,0.0,0,-1,-1,-1.0,0.186864406779661,0.0,1200
focused_pheromone_ablation_extended_30_agents,trained_with_pheromone__eval_with_pheromone,100,10,1200,1,12,True,checkpoints/mappo_g/latest,1,0,0.0,0,0,0.0,0,721,-1,-1.0,0.2923728813559322,0.023314449427785197,1200
focused_pheromone_ablation_extended_30_agents,trained_with_pheromone__eval_with_pheromone,101,10,1200,1,12,True,checkpoints/mappo_g/latest,0,0,0.0,0,0,0.0,0,-1,-1,-1.0,0.28940677966101697,0.0,1200
focused_pheromone_ablation_extended_30_agents,trained_with_pheromone__eval_with_pheromone,102,10,1200,1,12,True,checkpoints/mappo_g/latest,0,0,0.0,0,0,0.0,0,-1,-1,-1.0,0.35423728813559324,0.0,1200
focused_pheromone_ablation_extended_30_agents,trained_with_pheromone__eval_with_pheromone,103,10,1200,1,12,True,checkpoints/mappo_g/latest,0,0,0.0,0,0,0.0,0,-1,-1,-1.0,0.2699152542372881,0.0,1200
focused_pheromone_ablation_extended_30_agents,trained_with_pheromone__eval_with_pheromone,104,10,1200,1,12,True,checkpoints/mappo_g/latest,1,1,1.0,1,0,0.0,1,70,373,303.0,0.4326271186440678,0.003859201125009955,1200
focused_pheromone_ablation_extended_30_agents,trained_with_pheromone__eval_with_pheromone,105,10,1200,1,12,True,checkpoints/mappo_g/latest,0,0,0.0,0,0,0.0,0,-1,-1,-1.0,0.24872881355932203,0.0,1200
focused_pheromone_ablation_extended_30_agents,trained_with_pheromone__eval_with_pheromone,106,10,1200,1,12,True,checkpoints/mappo_g/latest,0,0,0.0,0,0,0.0,0,-1,-1,-1.0,0.25084745762711863,0.0,1200
focused_pheromone_ablation_extended_30_agents,trained_with_pheromone__eval_with_pheromone,107,10,1200,1,12,True,checkpoints/mappo_g/latest,4,4,1.0,1,3,0.75,4,37,119,82.0,0.3771186440677966,0.008384305782417261,1200
focused_pheromone_ablation_extended_30_agents,trained_with_pheromone__eval_with_pheromone,108,10,1200,1,12,True,checkpoints/mappo_g/latest,0,0,0.0,0,0,0.0,0,-1,-1,-1.0,0.2,0.0,1200
focused_pheromone_ablation_extended_30_agents,trained_with_pheromone__eval_with_pheromone,109,10,1200,1,12,True,checkpoints/mappo_g/latest,1,1,1.0,0,1,1.0,1,780,888,108.0,0.35127118644067795,0.0021964666313967125,1200
focused_pheromone_ablation_extended_30_agents,trained_with_pheromone__eval_with_pheromone,110,10,1200,1,12,True,checkpoints/mappo_g/latest,0,0,0.0,0,0,0.0,0,-1,-1,-1.0,0.22245762711864406,0.0,1200
focused_pheromone_ablation_extended_30_agents,trained_with_pheromone__eval_with_pheromone,111,10,1200,1,12,True,checkpoints/mappo_g/latest,0,0,0.0,0,0,0.0,0,-1,-1,-1.0,0.2457627118644068,0.0,1200
focused_pheromone_ablation_extended_30_agents,trained_with_pheromone__eval_with_pheromone,112,10,1200,1,12,True,checkpoints/mappo_g/latest,0,0,0.0,0,0,0.0,0,-1,-1,-1.0,0.2483050847457627,0.0,1200
focused_pheromone_ablation_extended_30_agents,trained_with_pheromone__eval_with_pheromone,113,10,1200,1,12,True,checkpoints/mappo_g/latest,4,3,0.75,1,2,0.6666666666666666,3,260,342,82.0,0.2944915254237288,0.009850794396295291,1200
focused_pheromone_ablation_extended_30_agents,trained_with_pheromone__eval_with_pheromone,114,10,1200,1,12,True,checkpoints/mappo_g/latest,5,4,0.8,2,2,0.5,4,5,83,78.0,0.298728813559322,0.009781906803604214,1200
focused_pheromone_ablation_extended_30_agents,trained_with_pheromone__eval_with_pheromone,115,10,1200,1,12,True,checkpoints/mappo_g/latest,1,1,1.0,1,0,0.0,1,6,182,176.0,0.30338983050847457,0.004808508353938426,1200
focused_pheromone_ablation_extended_30_agents,trained_with_pheromone__eval_with_pheromone,116,10,1200,1,12,True,checkpoints/mappo_g/latest,0,0,0.0,0,0,0.0,0,-1,-1,-1.0,0.2966101694915254,0.0,1200
focused_pheromone_ablation_extended_30_agents,trained_with_pheromone__eval_with_pheromone,117,10,1200,1,12,True,checkpoints/mappo_g/latest,0,0,0.0,0,0,0.0,0,-1,-1,-1.0,0.2559322033898305,0.0,1200
focused_pheromone_ablation_extended_30_agents,trained_with_pheromone__eval_with_pheromone,118,10,1200,1,12,True,checkpoints/mappo_g/latest,0,0,0.0,0,0,0.0,0,-1,-1,-1.0,0.22627118644067798,0.0,1200
focused_pheromone_ablation_extended_30_agents,trained_with_pheromone__eval_with_pheromone,119,10,1200,1,12,True,checkpoints/mappo_g/latest,0,0,0.0,0,0,0.0,0,-1,-1,-1.0,0.2597457627118644,0.0,1200
focused_pheromone_ablation_extended_30_agents,trained_with_pheromone__eval_without_pheromone,100,10,1200,1,12,False,checkpoints/mappo_g/latest,1,0,0.0,0,0,0.0,0,721,-1,-1.0,0.2923728813559322,0.0,1200
focused_pheromone_ablation_extended_30_agents,trained_with_pheromone__eval_without_pheromone,101,10,1200,1,12,False,checkpoints/mappo_g/latest,0,0,0.0,0,0,0.0,0,-1,-1,-1.0,0.28940677966101697,0.0,1200
focused_pheromone_ablation_extended_30_agents,trained_with_pheromone__eval_without_pheromone,102,10,1200,1,12,False,checkpoints/mappo_g/latest,0,0,0.0,0,0,0.0,0,-1,-1,-1.0,0.35423728813559324,0.0,1200
focused_pheromone_ablation_extended_30_agents,trained_with_pheromone__eval_without_pheromone,103,10,1200,1,12,False,checkpoints/mappo_g/latest,0,0,0.0,0,0,0.0,0,-1,-1,-1.0,0.2699152542372881,0.0,1200
focused_pheromone_ablation_extended_30_agents,trained_with_pheromone__eval_without_pheromone,104,10,1200,1,12,False,checkpoints/mappo_g/latest,1,1,1.0,1,0,0.0,1,70,351,281.0,0.40720338983050847,0.0,1200
focused_pheromone_ablation_extended_30_agents,trained_with_pheromone__eval_without_pheromone,105,10,1200,1,12,False,checkpoints/mappo_g/latest,1,1,1.0,1,0,0.0,1,119,252,133.0,0.19533898305084746,0.0,1200
focused_pheromone_ablation_extended_30_agents,trained_with_pheromone__eval_without_pheromone,106,10,1200,1,12,False,checkpoints/mappo_g/latest,0,0,0.0,0,0,0.0,0,-1,-1,-1.0,0.25084745762711863,0.0,1200
focused_pheromone_ablation_extended_30_agents,trained_with_pheromone__eval_without_pheromone,107,10,1200,1,12,False,checkpoints/mappo_g/latest,4,4,1.0,1,3,0.75,4,37,119,82.0,0.37796610169491524,0.0,1200
focused_pheromone_ablation_extended_30_agents,trained_with_pheromone__eval_without_pheromone,108,10,1200,1,12,False,checkpoints/mappo_g/latest,0,0,0.0,0,0,0.0,0,-1,-1,-1.0,0.2,0.0,1200
focused_pheromone_ablation_extended_30_agents,trained_with_pheromone__eval_without_pheromone,109,10,1200,1,12,False,checkpoints/mappo_g/latest,2,1,0.5,0,1,1.0,1,780,888,108.0,0.3495762711864407,0.0,1200
focused_pheromone_ablation_extended_30_agents,trained_with_pheromone__eval_without_pheromone,110,10,1200,1,12,False,checkpoints/mappo_g/latest,0,0,0.0,0,0,0.0,0,-1,-1,-1.0,0.20127118644067796,0.0,1200
focused_pheromone_ablation_extended_30_agents,trained_with_pheromone__eval_without_pheromone,111,10,1200,1,12,False,checkpoints/mappo_g/latest,0,0,0.0,0,0,0.0,0,-1,-1,-1.0,0.2457627118644068,0.0,1200
focused_pheromone_ablation_extended_30_agents,trained_with_pheromone__eval_without_pheromone,112,10,1200,1,12,False,checkpoints/mappo_g/latest,0,0,0.0,0,0,0.0,0,-1,-1,-1.0,0.2483050847457627,0.0,1200
focused_pheromone_ablation_extended_30_agents,trained_with_pheromone__eval_without_pheromone,113,10,1200,1,12,False,checkpoints/mappo_g/latest,4,3,0.75,1,2,0.6666666666666666,3,260,342,82.0,0.2940677966101695,0.0,1200
focused_pheromone_ablation_extended_30_agents,trained_with_pheromone__eval_without_pheromone,114,10,1200,1,12,False,checkpoints/mappo_g/latest,9,9,1.0,5,4,0.4444444444444444,9,5,83,78.0,0.32966101694915256,0.0,1200
focused_pheromone_ablation_extended_30_agents,trained_with_pheromone__eval_without_pheromone,115,10,1200,1,12,False,checkpoints/mappo_g/latest,1,1,1.0,1,0,0.0,1,6,162,156.0,0.2754237288135593,0.0,1200
focused_pheromone_ablation_extended_30_agents,trained_with_pheromone__eval_without_pheromone,116,10,1200,1,12,False,checkpoints/mappo_g/latest,0,0,0.0,0,0,0.0,0,-1,-1,-1.0,0.35466101694915253,0.0,1200
focused_pheromone_ablation_extended_30_agents,trained_with_pheromone__eval_without_pheromone,117,10,1200,1,12,False,checkpoints/mappo_g/latest,0,0,0.0,0,0,0.0,0,-1,-1,-1.0,0.2559322033898305,0.0,1200
focused_pheromone_ablation_extended_30_agents,trained_with_pheromone__eval_without_pheromone,118,10,1200,1,12,False,checkpoints/mappo_g/latest,0,0,0.0,0,0,0.0,0,-1,-1,-1.0,0.22627118644067798,0.0,1200
focused_pheromone_ablation_extended_30_agents,trained_with_pheromone__eval_without_pheromone,119,10,1200,1,12,False,checkpoints/mappo_g/latest,0,0,0.0,0,0,0.0,0,-1,-1,-1.0,0.2597457627118644,0.0,1200
focused_pheromone_ablation_extended_30_agents,trained_without_pheromone__eval_without_pheromone,100,10,1200,1,12,False,checkpoints/mappo_g_no_pher_true/latest,0,0,0.0,0,0,0.0,0,-1,-1,-1.0,0.22415254237288135,0.0,1200
focused_pheromone_ablation_extended_30_agents,trained_without_pheromone__eval_without_pheromone,101,10,1200,1,12,False,checkpoints/mappo_g_no_pher_true/latest,0,0,0.0,0,0,0.0,0,-1,-1,-1.0,0.27372881355932205,0.0,1200
focused_pheromone_ablation_extended_30_agents,trained_without_pheromone__eval_without_pheromone,102,10,1200,1,12,False,checkpoints/mappo_g_no_pher_true/latest,0,0,0.0,0,0,0.0,0,-1,-1,-1.0,0.3572033898305085,0.0,1200
focused_pheromone_ablation_extended_30_agents,trained_without_pheromone__eval_without_pheromone,103,10,1200,1,12,False,checkpoints/mappo_g_no_pher_true/latest,0,0,0.0,0,0,0.0,0,-1,-1,-1.0,0.26440677966101694,0.0,1200
focused_pheromone_ablation_extended_30_agents,trained_without_pheromone__eval_without_pheromone,104,10,1200,1,12,False,checkpoints/mappo_g_no_pher_true/latest,1,1,1.0,1,0,0.0,1,57,275,218.0,0.3444915254237288,0.0,1200
focused_pheromone_ablation_extended_30_agents,trained_without_pheromone__eval_without_pheromone,105,10,1200,1,12,False,checkpoints/mappo_g_no_pher_true/latest,0,0,0.0,0,0,0.0,0,-1,-1,-1.0,0.2699152542372881,0.0,1200
focused_pheromone_ablation_extended_30_agents,trained_without_pheromone__eval_without_pheromone,106,10,1200,1,12,False,checkpoints/mappo_g_no_pher_true/latest,3,3,1.0,1,2,0.6666666666666666,3,215,280,65.0,0.2864406779661017,0.0,1200
focused_pheromone_ablation_extended_30_agents,trained_without_pheromone__eval_without_pheromone,107,10,1200,1,12,False,checkpoints/mappo_g_no_pher_true/latest,3,2,0.6666666666666666,0,2,1.0,2,37,657,620.0,0.3461864406779661,0.0,1200
focused_pheromone_ablation_extended_30_agents,trained_without_pheromone__eval_without_pheromone,108,10,1200,1,12,False,checkpoints/mappo_g_no_pher_true/latest,0,0,0.0,0,0,0.0,0,-1,-1,-1.0,0.18559322033898304,0.0,1200
focused_pheromone_ablation_extended_30_agents,trained_without_pheromone__eval_without_pheromone,109,10,1200,1,12,False,checkpoints/mappo_g_no_pher_true/latest,6,5,0.8333333333333334,0,5,1.0,5,283,454,171.0,0.31059322033898307,0.0,1200
focused_pheromone_ablation_extended_30_agents,trained_without_pheromone__eval_without_pheromone,110,10,1200,1,12,False,checkpoints/mappo_g_no_pher_true/latest,0,0,0.0,0,0,0.0,0,-1,-1,-1.0,0.17923728813559323,0.0,1200
focused_pheromone_ablation_extended_30_agents,trained_without_pheromone__eval_without_pheromone,111,10,1200,1,12,False,checkpoints/mappo_g_no_pher_true/latest,0,0,0.0,0,0,0.0,0,-1,-1,-1.0,0.2016949152542373,0.0,1200
focused_pheromone_ablation_extended_30_agents,trained_without_pheromone__eval_without_pheromone,112,10,1200,1,12,False,checkpoints/mappo_g_no_pher_true/latest,0,0,0.0,0,0,0.0,0,-1,-1,-1.0,0.24067796610169492,0.0,1200
focused_pheromone_ablation_extended_30_agents,trained_without_pheromone__eval_without_pheromone,113,10,1200,1,12,False,checkpoints/mappo_g_no_pher_true/latest,1,1,1.0,1,0,0.0,1,260,334,74.0,0.2733050847457627,0.0,1200
focused_pheromone_ablation_extended_30_agents,trained_without_pheromone__eval_without_pheromone,114,10,1200,1,12,False,checkpoints/mappo_g_no_pher_true/latest,7,7,1.0,6,1,0.14285714285714285,7,5,87,82.0,0.2957627118644068,0.0,1200
focused_pheromone_ablation_extended_30_agents,trained_without_pheromone__eval_without_pheromone,115,10,1200,1,12,False,checkpoints/mappo_g_no_pher_true/latest,0,0,0.0,0,0,0.0,0,-1,-1,-1.0,0.2572033898305085,0.0,1200
focused_pheromone_ablation_extended_30_agents,trained_without_pheromone__eval_without_pheromone,116,10,1200,1,12,False,checkpoints/mappo_g_no_pher_true/latest,0,0,0.0,0,0,0.0,0,-1,-1,-1.0,0.27415254237288134,0.0,1200
focused_pheromone_ablation_extended_30_agents,trained_without_pheromone__eval_without_pheromone,117,10,1200,1,12,False,checkpoints/mappo_g_no_pher_true/latest,0,0,0.0,0,0,0.0,0,-1,-1,-1.0,0.21271186440677967,0.0,1200
focused_pheromone_ablation_extended_30_agents,trained_without_pheromone__eval_without_pheromone,118,10,1200,1,12,False,checkpoints/mappo_g_no_pher_true/latest,1,1,1.0,1,0,0.0,1,116,214,98.0,0.27203389830508473,0.0,1200
focused_pheromone_ablation_extended_30_agents,trained_without_pheromone__eval_without_pheromone,119,10,1200,1,12,False,checkpoints/mappo_g_no_pher_true/latest,0,0,0.0,0,0,0.0,0,-1,-1,-1.0,0.2576271186440678,0.0,1200
focused_pheromone_ablation_extended_30_agents,trained_with_pheromone__eval_with_pheromone,100,15,1200,1,12,True,checkpoints/mappo_g/latest,0,0,0.0,0,0,0.0,0,-1,-1,-1.0,0.3423728813559322,0.0,1200
focused_pheromone_ablation_extended_30_agents,trained_with_pheromone__eval_with_pheromone,101,15,1200,1,12,True,checkpoints/mappo_g/latest,0,0,0.0,0,0,0.0,0,-1,-1,-1.0,0.3461864406779661,0.0,1200
focused_pheromone_ablation_extended_30_agents,trained_with_pheromone__eval_with_pheromone,102,15,1200,1,12,True,checkpoints/mappo_g/latest,0,0,0.0,0,0,0.0,0,-1,-1,-1.0,0.38601694915254237,0.0,1200
focused_pheromone_ablation_extended_30_agents,trained_with_pheromone__eval_with_pheromone,103,15,1200,1,12,True,checkpoints/mappo_g/latest,0,0,0.0,0,0,0.0,0,-1,-1,-1.0,0.31610169491525425,0.0,1200
focused_pheromone_ablation_extended_30_agents,trained_with_pheromone__eval_with_pheromone,104,15,1200,1,12,True,checkpoints/mappo_g/latest,0,0,0.0,0,0,0.0,0,-1,-1,-1.0,0.41228813559322036,0.0,1200
focused_pheromone_ablation_extended_30_agents,trained_with_pheromone__eval_with_pheromone,105,15,1200,1,12,True,checkpoints/mappo_g/latest,0,0,0.0,0,0,0.0,0,-1,-1,-1.0,0.3211864406779661,0.0,1200
focused_pheromone_ablation_extended_30_agents,trained_with_pheromone__eval_with_pheromone,106,15,1200,1,12,True,checkpoints/mappo_g/latest,9,8,0.8888888888888888,4,4,0.5,8,46,108,62.0,0.3906779661016949,0.017504746910928386,1200
focused_pheromone_ablation_extended_30_agents,trained_with_pheromone__eval_with_pheromone,107,15,1200,1,12,True,checkpoints/mappo_g/latest,8,8,1.0,1,7,0.875,8,197,267,70.0,0.43050847457627117,0.009577923514961083,1200
focused_pheromone_ablation_extended_30_agents,trained_with_pheromone__eval_with_pheromone,108,15,1200,1,12,True,checkpoints/mappo_g/latest,0,0,0.0,0,0,0.0,0,-1,-1,-1.0,0.25169491525423726,0.0,1200
focused_pheromone_ablation_extended_30_agents,trained_with_pheromone__eval_with_pheromone,109,15,1200,1,12,True,checkpoints/mappo_g/latest,1,1,1.0,1,0,0.0,1,2,70,68.0,0.35466101694915253,0.0007444741149924487,1200
focused_pheromone_ablation_extended_30_agents,trained_with_pheromone__eval_with_pheromone,110,15,1200,1,12,True,checkpoints/mappo_g/latest,11,10,0.9090909090909091,1,9,0.9,10,63,127,64.0,0.3398305084745763,0.037841528309053206,1200
focused_pheromone_ablation_extended_30_agents,trained_with_pheromone__eval_with_pheromone,111,15,1200,1,12,True,checkpoints/mappo_g/latest,0,0,0.0,0,0,0.0,0,-1,-1,-1.0,0.23813559322033898,0.0,1200
focused_pheromone_ablation_extended_30_agents,trained_with_pheromone__eval_with_pheromone,112,15,1200,1,12,True,checkpoints/mappo_g/latest,0,0,0.0,0,0,0.0,0,-1,-1,-1.0,0.3241525423728814,0.0,1200
focused_pheromone_ablation_extended_30_agents,trained_with_pheromone__eval_with_pheromone,113,15,1200,1,12,True,checkpoints/mappo_g/latest,7,6,0.8571428571428571,2,4,0.6666666666666666,6,56,127,71.0,0.3559322033898305,0.005522694305403599,1200
focused_pheromone_ablation_extended_30_agents,trained_with_pheromone__eval_with_pheromone,114,15,1200,1,12,True,checkpoints/mappo_g/latest,11,11,1.0,3,8,0.7272727272727273,11,5,84,79.0,0.4088983050847458,0.016106458266006988,1200
focused_pheromone_ablation_extended_30_agents,trained_with_pheromone__eval_with_pheromone,115,15,1200,1,12,True,checkpoints/mappo_g/latest,0,0,0.0,0,0,0.0,0,-1,-1,-1.0,0.32033898305084746,0.0,1200
focused_pheromone_ablation_extended_30_agents,trained_with_pheromone__eval_with_pheromone,116,15,1200,1,12,True,checkpoints/mappo_g/latest,0,0,0.0,0,0,0.0,0,-1,-1,-1.0,0.3995762711864407,0.0,1200
focused_pheromone_ablation_extended_30_agents,trained_with_pheromone__eval_with_pheromone,117,15,1200,1,12,True,checkpoints/mappo_g/latest,0,0,0.0,0,0,0.0,0,-1,-1,-1.0,0.2521186440677966,0.0,1200
focused_pheromone_ablation_extended_30_agents,trained_with_pheromone__eval_with_pheromone,118,15,1200,1,12,True,checkpoints/mappo_g/latest,1,1,1.0,1,0,0.0,1,103,189,86.0,0.34872881355932206,0.0018762818643331737,1200
focused_pheromone_ablation_extended_30_agents,trained_with_pheromone__eval_with_pheromone,119,15,1200,1,12,True,checkpoints/mappo_g/latest,0,0,0.0,0,0,0.0,0,-1,-1,-1.0,0.3038135593220339,0.0,1200
focused_pheromone_ablation_extended_30_agents,trained_with_pheromone__eval_without_pheromone,100,15,1200,1,12,False,checkpoints/mappo_g/latest,0,0,0.0,0,0,0.0,0,-1,-1,-1.0,0.3423728813559322,0.0,1200
focused_pheromone_ablation_extended_30_agents,trained_with_pheromone__eval_without_pheromone,101,15,1200,1,12,False,checkpoints/mappo_g/latest,0,0,0.0,0,0,0.0,0,-1,-1,-1.0,0.3461864406779661,0.0,1200
focused_pheromone_ablation_extended_30_agents,trained_with_pheromone__eval_without_pheromone,102,15,1200,1,12,False,checkpoints/mappo_g/latest,0,0,0.0,0,0,0.0,0,-1,-1,-1.0,0.38601694915254237,0.0,1200
focused_pheromone_ablation_extended_30_agents,trained_with_pheromone__eval_without_pheromone,103,15,1200,1,12,False,checkpoints/mappo_g/latest,0,0,0.0,0,0,0.0,0,-1,-1,-1.0,0.31610169491525425,0.0,1200
focused_pheromone_ablation_extended_30_agents,trained_with_pheromone__eval_without_pheromone,104,15,1200,1,12,False,checkpoints/mappo_g/latest,0,0,0.0,0,0,0.0,0,-1,-1,-1.0,0.41228813559322036,0.0,1200
focused_pheromone_ablation_extended_30_agents,trained_with_pheromone__eval_without_pheromone,105,15,1200,1,12,False,checkpoints/mappo_g/latest,0,0,0.0,0,0,0.0,0,-1,-1,-1.0,0.3211864406779661,0.0,1200
focused_pheromone_ablation_extended_30_agents,trained_with_pheromone__eval_without_pheromone,106,15,1200,1,12,False,checkpoints/mappo_g/latest,9,9,1.0,4,5,0.5555555555555556,9,46,114,68.0,0.3877118644067797,0.0,1200
focused_pheromone_ablation_extended_30_agents,trained_with_pheromone__eval_without_pheromone,107,15,1200,1,12,False,checkpoints/mappo_g/latest,9,9,1.0,1,8,0.8888888888888888,9,197,267,70.0,0.43347457627118646,0.0,1200
focused_pheromone_ablation_extended_30_agents,trained_with_pheromone__eval_without_pheromone,108,15,1200,1,12,False,checkpoints/mappo_g/latest,0,0,0.0,0,0,0.0,0,-1,-1,-1.0,0.22796610169491524,0.0,1200
focused_pheromone_ablation_extended_30_agents,trained_with_pheromone__eval_without_pheromone,109,15,1200,1,12,False,checkpoints/mappo_g/latest,1,1,1.0,1,0,0.0,1,220,316,96.0,0.37457627118644066,0.0,1200
focused_pheromone_ablation_extended_30_agents,trained_with_pheromone__eval_without_pheromone,110,15,1200,1,12,False,checkpoints/mappo_g/latest,9,8,0.8888888888888888,1,7,0.875,8,63,199,136.0,0.33728813559322035,0.0,1200
focused_pheromone_ablation_extended_30_agents,trained_with_pheromone__eval_without_pheromone,111,15,1200,1,12,False,checkpoints/mappo_g/latest,0,0,0.0,0,0,0.0,0,-1,-1,-1.0,0.23813559322033898,0.0,1200
focused_pheromone_ablation_extended_30_agents,trained_with_pheromone__eval_without_pheromone,112,15,1200,1,12,False,checkpoints/mappo_g/latest,0,0,0.0,0,0,0.0,0,-1,-1,-1.0,0.3241525423728814,0.0,1200
focused_pheromone_ablation_extended_30_agents,trained_with_pheromone__eval_without_pheromone,113,15,1200,1,12,False,checkpoints/mappo_g/latest,8,8,1.0,3,5,0.625,8,56,127,71.0,0.35550847457627116,0.0,1200
focused_pheromone_ablation_extended_30_agents,trained_with_pheromone__eval_without_pheromone,114,15,1200,1,12,False,checkpoints/mappo_g/latest,10,10,1.0,3,7,0.7,10,5,84,79.0,0.43601694915254235,0.0,1200
focused_pheromone_ablation_extended_30_agents,trained_with_pheromone__eval_without_pheromone,115,15,1200,1,12,False,checkpoints/mappo_g/latest,0,0,0.0,0,0,0.0,0,-1,-1,-1.0,0.36059322033898306,0.0,1200
focused_pheromone_ablation_extended_30_agents,trained_with_pheromone__eval_without_pheromone,116,15,1200,1,12,False,checkpoints/mappo_g/latest,6,6,1.0,2,4,0.6666666666666666,6,3,95,92.0,0.43389830508474575,0.0,1200
focused_pheromone_ablation_extended_30_agents,trained_with_pheromone__eval_without_pheromone,117,15,1200,1,12,False,checkpoints/mappo_g/latest,0,0,0.0,0,0,0.0,0,-1,-1,-1.0,0.2521186440677966,0.0,1200
focused_pheromone_ablation_extended_30_agents,trained_with_pheromone__eval_without_pheromone,118,15,1200,1,12,False,checkpoints/mappo_g/latest,5,5,1.0,2,3,0.6,5,103,189,86.0,0.34491525423728814,0.0,1200
focused_pheromone_ablation_extended_30_agents,trained_with_pheromone__eval_without_pheromone,119,15,1200,1,12,False,checkpoints/mappo_g/latest,0,0,0.0,0,0,0.0,0,-1,-1,-1.0,0.29067796610169494,0.0,1200
focused_pheromone_ablation_extended_30_agents,trained_without_pheromone__eval_without_pheromone,100,15,1200,1,12,False,checkpoints/mappo_g_no_pher_true/latest,0,0,0.0,0,0,0.0,0,-1,-1,-1.0,0.27076271186440676,0.0,1200
focused_pheromone_ablation_extended_30_agents,trained_without_pheromone__eval_without_pheromone,101,15,1200,1,12,False,checkpoints/mappo_g_no_pher_true/latest,2,2,1.0,1,1,0.5,2,53,328,275.0,0.32372881355932204,0.0,1200
focused_pheromone_ablation_extended_30_agents,trained_without_pheromone__eval_without_pheromone,102,15,1200,1,12,False,checkpoints/mappo_g_no_pher_true/latest,0,0,0.0,0,0,0.0,0,-1,-1,-1.0,0.37033898305084745,0.0,1200
focused_pheromone_ablation_extended_30_agents,trained_without_pheromone__eval_without_pheromone,103,15,1200,1,12,False,checkpoints/mappo_g_no_pher_true/latest,0,0,0.0,0,0,0.0,0,-1,-1,-1.0,0.27796610169491526,0.0,1200
focused_pheromone_ablation_extended_30_agents,trained_without_pheromone__eval_without_pheromone,104,15,1200,1,12,False,checkpoints/mappo_g_no_pher_true/latest,1,1,1.0,1,0,0.0,1,135,347,212.0,0.37796610169491524,0.0,1200
focused_pheromone_ablation_extended_30_agents,trained_without_pheromone__eval_without_pheromone,105,15,1200,1,12,False,checkpoints/mappo_g_no_pher_true/latest,2,2,1.0,2,0,0.0,2,285,374,89.0,0.2788135593220339,0.0,1200
focused_pheromone_ablation_extended_30_agents,trained_without_pheromone__eval_without_pheromone,106,15,1200,1,12,False,checkpoints/mappo_g_no_pher_true/latest,0,0,0.0,0,0,0.0,0,-1,-1,-1.0,0.23516949152542374,0.0,1200
focused_pheromone_ablation_extended_30_agents,trained_without_pheromone__eval_without_pheromone,107,15,1200,1,12,False,checkpoints/mappo_g_no_pher_true/latest,0,0,0.0,0,0,0.0,0,-1,-1,-1.0,0.31271186440677967,0.0,1200
focused_pheromone_ablation_extended_30_agents,trained_without_pheromone__eval_without_pheromone,108,15,1200,1,12,False,checkpoints/mappo_g_no_pher_true/latest,0,0,0.0,0,0,0.0,0,-1,-1,-1.0,0.23728813559322035,0.0,1200
focused_pheromone_ablation_extended_30_agents,trained_without_pheromone__eval_without_pheromone,109,15,1200,1,12,False,checkpoints/mappo_g_no_pher_true/latest,8,6,0.75,2,4,0.6666666666666666,6,74,149,75.0,0.3326271186440678,0.0,1200
focused_pheromone_ablation_extended_30_agents,trained_without_pheromone__eval_without_pheromone,110,15,1200,1,12,False,checkpoints/mappo_g_no_pher_true/latest,0,0,0.0,0,0,0.0,0,-1,-1,-1.0,0.2783898305084746,0.0,1200
focused_pheromone_ablation_extended_30_agents,trained_without_pheromone__eval_without_pheromone,111,15,1200,1,12,False,checkpoints/mappo_g_no_pher_true/latest,0,0,0.0,0,0,0.0,0,-1,-1,-1.0,0.2673728813559322,0.0,1200
focused_pheromone_ablation_extended_30_agents,trained_without_pheromone__eval_without_pheromone,112,15,1200,1,12,False,checkpoints/mappo_g_no_pher_true/latest,0,0,0.0,0,0,0.0,0,-1,-1,-1.0,0.31440677966101693,0.0,1200
focused_pheromone_ablation_extended_30_agents,trained_without_pheromone__eval_without_pheromone,113,15,1200,1,12,False,checkpoints/mappo_g_no_pher_true/latest,7,7,1.0,3,4,0.5714285714285714,7,56,124,68.0,0.3495762711864407,0.0,1200
focused_pheromone_ablation_extended_30_agents,trained_without_pheromone__eval_without_pheromone,114,15,1200,1,12,False,checkpoints/mappo_g_no_pher_true/latest,9,8,0.8888888888888888,4,4,0.5,8,5,84,79.0,0.4110169491525424,0.0,1200
focused_pheromone_ablation_extended_30_agents,trained_without_pheromone__eval_without_pheromone,115,15,1200,1,12,False,checkpoints/mappo_g_no_pher_true/latest,0,0,0.0,0,0,0.0,0,-1,-1,-1.0,0.29279661016949154,0.0,1200
focused_pheromone_ablation_extended_30_agents,trained_without_pheromone__eval_without_pheromone,116,15,1200,1,12,False,checkpoints/mappo_g_no_pher_true/latest,0,0,0.0,0,0,0.0,0,-1,-1,-1.0,0.36991525423728816,0.0,1200
focused_pheromone_ablation_extended_30_agents,trained_without_pheromone__eval_without_pheromone,117,15,1200,1,12,False,checkpoints/mappo_g_no_pher_true/latest,0,0,0.0,0,0,0.0,0,-1,-1,-1.0,0.2936440677966102,0.0,1200
focused_pheromone_ablation_extended_30_agents,trained_without_pheromone__eval_without_pheromone,118,15,1200,1,12,False,checkpoints/mappo_g_no_pher_true/latest,0,0,0.0,0,0,0.0,0,-1,-1,-1.0,0.30127118644067796,0.0,1200
focused_pheromone_ablation_extended_30_agents,trained_without_pheromone__eval_without_pheromone,119,15,1200,1,12,False,checkpoints/mappo_g_no_pher_true/latest,0,0,0.0,0,0,0.0,0,-1,-1,-1.0,0.2923728813559322,0.0,1200
focused_pheromone_ablation_extended_30_agents,trained_with_pheromone__eval_with_pheromone,100,20,1200,1,12,True,checkpoints/mappo_g/latest,0,0,0.0,0,0,0.0,0,-1,-1,-1.0,0.3889830508474576,0.0,1200
focused_pheromone_ablation_extended_30_agents,trained_with_pheromone__eval_with_pheromone,101,20,1200,1,12,True,checkpoints/mappo_g/latest,1,1,1.0,1,0,0.0,1,108,275,167.0,0.3580508474576271,0.0017248386017696855,1200
focused_pheromone_ablation_extended_30_agents,trained_with_pheromone__eval_with_pheromone,102,20,1200,1,12,True,checkpoints/mappo_g/latest,6,5,0.8333333333333334,0,5,1.0,5,288,435,147.0,0.46567796610169493,0.006583653725494514,1200
focused_pheromone_ablation_extended_30_agents,trained_with_pheromone__eval_with_pheromone,103,20,1200,1,12,True,checkpoints/mappo_g/latest,0,0,0.0,0,0,0.0,0,-1,-1,-1.0,0.3864406779661017,0.0,1200
focused_pheromone_ablation_extended_30_agents,trained_with_pheromone__eval_with_pheromone,104,20,1200,1,12,True,checkpoints/mappo_g/latest,1,1,1.0,1,0,0.0,1,4,285,281.0,0.4521186440677966,0.00285471501412394,1200
focused_pheromone_ablation_extended_30_agents,trained_with_pheromone__eval_with_pheromone,105,20,1200,1,12,True,checkpoints/mappo_g/latest,0,0,0.0,0,0,0.0,0,-1,-1,-1.0,0.3326271186440678,0.0,1200
focused_pheromone_ablation_extended_30_agents,trained_with_pheromone__eval_with_pheromone,106,20,1200,1,12,True,checkpoints/mappo_g/latest,1,1,1.0,1,0,0.0,1,185,331,146.0,0.36694915254237287,0.0026458108737303218,1200
focused_pheromone_ablation_extended_30_agents,trained_with_pheromone__eval_with_pheromone,107,20,1200,1,12,True,checkpoints/mappo_g/latest,12,12,1.0,2,10,0.8333333333333334,12,123,182,59.0,0.45084745762711864,0.008883490702485876,1129
focused_pheromone_ablation_extended_30_agents,trained_with_pheromone__eval_with_pheromone,108,20,1200,1,12,True,checkpoints/mappo_g/latest,2,2,1.0,2,0,0.0,2,128,229,101.0,0.33008474576271185,0.02727226609161395,1200
focused_pheromone_ablation_extended_30_agents,trained_with_pheromone__eval_with_pheromone,109,20,1200,1,12,True,checkpoints/mappo_g/latest,1,1,1.0,1,0,0.0,1,2,66,64.0,0.3906779661016949,0.0007897797473657799,1200
focused_pheromone_ablation_extended_30_agents,trained_with_pheromone__eval_with_pheromone,110,20,1200,1,12,True,checkpoints/mappo_g/latest,0,0,0.0,0,0,0.0,0,-1,-1,-1.0,0.33305084745762714,0.0,1200
focused_pheromone_ablation_extended_30_agents,trained_with_pheromone__eval_with_pheromone,111,20,1200,1,12,True,checkpoints/mappo_g/latest,0,0,0.0,0,0,0.0,0,-1,-1,-1.0,0.3241525423728814,0.0,1200
focused_pheromone_ablation_extended_30_agents,trained_with_pheromone__eval_with_pheromone,112,20,1200,1,12,True,checkpoints/mappo_g/latest,0,0,0.0,0,0,0.0,0,-1,-1,-1.0,0.4470338983050847,0.0,1200
focused_pheromone_ablation_extended_30_agents,trained_with_pheromone__eval_with_pheromone,113,20,1200,1,12,True,checkpoints/mappo_g/latest,11,10,0.9090909090909091,5,5,0.5,10,112,173,61.0,0.39449152542372884,0.009385249247529525,1200
focused_pheromone_ablation_extended_30_agents,trained_with_pheromone__eval_with_pheromone,114,20,1200,1,12,True,checkpoints/mappo_g/latest,11,11,1.0,2,9,0.8181818181818182,11,5,89,84.0,0.4478813559322034,0.012399064407860956,1200
focused_pheromone_ablation_extended_30_agents,trained_with_pheromone__eval_with_pheromone,115,20,1200,1,12,True,checkpoints/mappo_g/latest,0,0,0.0,0,0,0.0,0,-1,-1,-1.0,0.37542372881355934,0.0,1200
focused_pheromone_ablation_extended_30_agents,trained_with_pheromone__eval_with_pheromone,116,20,1200,1,12,True,checkpoints/mappo_g/latest,9,9,1.0,2,7,0.7777777777777778,9,3,70,67.0,0.47838983050847456,0.00814085256553517,1200
focused_pheromone_ablation_extended_30_agents,trained_with_pheromone__eval_with_pheromone,117,20,1200,1,12,True,checkpoints/mappo_g/latest,0,0,0.0,0,0,0.0,0,-1,-1,-1.0,0.2576271186440678,0.0,1200
focused_pheromone_ablation_extended_30_agents,trained_with_pheromone__eval_with_pheromone,118,20,1200,1,12,True,checkpoints/mappo_g/latest,0,0,0.0,0,0,0.0,0,-1,-1,-1.0,0.32966101694915256,0.0,1200
focused_pheromone_ablation_extended_30_agents,trained_with_pheromone__eval_with_pheromone,119,20,1200,1,12,True,checkpoints/mappo_g/latest,0,0,0.0,0,0,0.0,0,-1,-1,-1.0,0.2788135593220339,0.0,1200
focused_pheromone_ablation_extended_30_agents,trained_with_pheromone__eval_without_pheromone,100,20,1200,1,12,False,checkpoints/mappo_g/latest,0,0,0.0,0,0,0.0,0,-1,-1,-1.0,0.3889830508474576,0.0,1200
focused_pheromone_ablation_extended_30_agents,trained_with_pheromone__eval_without_pheromone,101,20,1200,1,12,False,checkpoints/mappo_g/latest,1,1,1.0,1,0,0.0,1,108,274,166.0,0.36991525423728816,0.0,1200
focused_pheromone_ablation_extended_30_agents,trained_with_pheromone__eval_without_pheromone,102,20,1200,1,12,False,checkpoints/mappo_g/latest,0,0,0.0,0,0,0.0,0,-1,-1,-1.0,0.4364406779661017,0.0,1200
focused_pheromone_ablation_extended_30_agents,trained_with_pheromone__eval_without_pheromone,103,20,1200,1,12,False,checkpoints/mappo_g/latest,0,0,0.0,0,0,0.0,0,-1,-1,-1.0,0.3610169491525424,0.0,1200
focused_pheromone_ablation_extended_30_agents,trained_with_pheromone__eval_without_pheromone,104,20,1200,1,12,False,checkpoints/mappo_g/latest,0,0,0.0,0,0,0.0,0,-1,-1,-1.0,0.43347457627118646,0.0,1200
focused_pheromone_ablation_extended_30_agents,trained_with_pheromone__eval_without_pheromone,105,20,1200,1,12,False,checkpoints/mappo_g/latest,0,0,0.0,0,0,0.0,0,-1,-1,-1.0,0.3326271186440678,0.0,1200
focused_pheromone_ablation_extended_30_agents,trained_with_pheromone__eval_without_pheromone,106,20,1200,1,12,False,checkpoints/mappo_g/latest,1,1,1.0,1,0,0.0,1,185,331,146.0,0.36694915254237287,0.0,1200
focused_pheromone_ablation_extended_30_agents,trained_with_pheromone__eval_without_pheromone,107,20,1200,1,12,False,checkpoints/mappo_g/latest,6,6,1.0,2,4,0.6666666666666666,6,123,180,57.0,0.4406779661016949,0.0,1200
focused_pheromone_ablation_extended_30_agents,trained_with_pheromone__eval_without_pheromone,108,20,1200,1,12,False,checkpoints/mappo_g/latest,0,0,0.0,0,0,0.0,0,-1,-1,-1.0,0.2864406779661017,0.0,1200
focused_pheromone_ablation_extended_30_agents,trained_with_pheromone__eval_without_pheromone,109,20,1200,1,12,False,checkpoints/mappo_g/latest,1,1,1.0,1,0,0.0,1,2,66,64.0,0.3906779661016949,0.0,1200
focused_pheromone_ablation_extended_30_agents,trained_with_pheromone__eval_without_pheromone,110,20,1200,1,12,False,checkpoints/mappo_g/latest,0,0,0.0,0,0,0.0,0,-1,-1,-1.0,0.33305084745762714,0.0,1200
focused_pheromone_ablation_extended_30_agents,trained_with_pheromone__eval_without_pheromone,111,20,1200,1,12,False,checkpoints/mappo_g/latest,0,0,0.0,0,0,0.0,0,-1,-1,-1.0,0.3241525423728814,0.0,1200
focused_pheromone_ablation_extended_30_agents,trained_with_pheromone__eval_without_pheromone,112,20,1200,1,12,False,checkpoints/mappo_g/latest,0,0,0.0,0,0,0.0,0,-1,-1,-1.0,0.4470338983050847,0.0,1200
focused_pheromone_ablation_extended_30_agents,trained_with_pheromone__eval_without_pheromone,113,20,1200,1,12,False,checkpoints/mappo_g/latest,10,9,0.9,4,5,0.5555555555555556,9,112,173,61.0,0.4080508474576271,0.0,1200
focused_pheromone_ablation_extended_30_agents,trained_with_pheromone__eval_without_pheromone,114,20,1200,1,12,False,checkpoints/mappo_g/latest,1,1,1.0,0,1,1.0,1,752,953,201.0,0.3902542372881356,0.0,1200
focused_pheromone_ablation_extended_30_agents,trained_with_pheromone__eval_without_pheromone,115,20,1200,1,12,False,checkpoints/mappo_g/latest,1,1,1.0,0,1,1.0,1,448,496,48.0,0.3940677966101695,0.0,1200
focused_pheromone_ablation_extended_30_agents,trained_with_pheromone__eval_without_pheromone,116,20,1200,1,12,False,checkpoints/mappo_g/latest,10,10,1.0,3,7,0.7,10,3,72,69.0,0.4610169491525424,0.0,1200
focused_pheromone_ablation_extended_30_agents,trained_with_pheromone__eval_without_pheromone,117,20,1200,1,12,False,checkpoints/mappo_g/latest,0,0,0.0,0,0,0.0,0,-1,-1,-1.0,0.2936440677966102,0.0,1200
focused_pheromone_ablation_extended_30_agents,trained_with_pheromone__eval_without_pheromone,118,20,1200,1,12,False,checkpoints/mappo_g/latest,0,0,0.0,0,0,0.0,0,-1,-1,-1.0,0.33177966101694917,0.0,1200
focused_pheromone_ablation_extended_30_agents,trained_with_pheromone__eval_without_pheromone,119,20,1200,1,12,False,checkpoints/mappo_g/latest,0,0,0.0,0,0,0.0,0,-1,-1,-1.0,0.3101694915254237,0.0,1200
focused_pheromone_ablation_extended_30_agents,trained_without_pheromone__eval_without_pheromone,100,20,1200,1,12,False,checkpoints/mappo_g_no_pher_true/latest,0,0,0.0,0,0,0.0,0,-1,-1,-1.0,0.3398305084745763,0.0,1200
focused_pheromone_ablation_extended_30_agents,trained_without_pheromone__eval_without_pheromone,101,20,1200,1,12,False,checkpoints/mappo_g_no_pher_true/latest,0,0,0.0,0,0,0.0,0,-1,-1,-1.0,0.3076271186440678,0.0,1200
focused_pheromone_ablation_extended_30_agents,trained_without_pheromone__eval_without_pheromone,102,20,1200,1,12,False,checkpoints/mappo_g_no_pher_true/latest,0,0,0.0,0,0,0.0,0,-1,-1,-1.0,0.4228813559322034,0.0,1200
focused_pheromone_ablation_extended_30_agents,trained_without_pheromone__eval_without_pheromone,103,20,1200,1,12,False,checkpoints/mappo_g_no_pher_true/latest,0,0,0.0,0,0,0.0,0,-1,-1,-1.0,0.3516949152542373,0.0,1200
focused_pheromone_ablation_extended_30_agents,trained_without_pheromone__eval_without_pheromone,104,20,1200,1,12,False,checkpoints/mappo_g_no_pher_true/latest,3,3,1.0,2,1,0.3333333333333333,3,4,206,202.0,0.4423728813559322,0.0,1200
focused_pheromone_ablation_extended_30_agents,trained_without_pheromone__eval_without_pheromone,105,20,1200,1,12,False,checkpoints/mappo_g_no_pher_true/latest,2,2,1.0,2,0,0.0,2,131,188,57.0,0.3233050847457627,0.0,1200
focused_pheromone_ablation_extended_30_agents,trained_without_pheromone__eval_without_pheromone,106,20,1200,1,12,False,checkpoints/mappo_g_no_pher_true/latest,0,0,0.0,0,0,0.0,0,-1,-1,-1.0,0.35550847457627116,0.0,1200
focused_pheromone_ablation_extended_30_agents,trained_without_pheromone__eval_without_pheromone,107,20,1200,1,12,False,checkpoints/mappo_g_no_pher_true/latest,10,9,0.9,2,7,0.7777777777777778,9,132,189,57.0,0.41567796610169494,0.0,1200
focused_pheromone_ablation_extended_30_agents,trained_without_pheromone__eval_without_pheromone,108,20,1200,1,12,False,checkpoints/mappo_g_no_pher_true/latest,0,0,0.0,0,0,0.0,0,-1,-1,-1.0,0.31949152542372883,0.0,1200
focused_pheromone_ablation_extended_30_agents,trained_without_pheromone__eval_without_pheromone,109,20,1200,1,12,False,checkpoints/mappo_g_no_pher_true/latest,1,1,1.0,1,0,0.0,1,149,254,105.0,0.3686440677966102,0.0,1200
focused_pheromone_ablation_extended_30_agents,trained_without_pheromone__eval_without_pheromone,110,20,1200,1,12,False,checkpoints/mappo_g_no_pher_true/latest,1,1,1.0,0,1,1.0,1,179,501,322.0,0.3173728813559322,0.0,1200
focused_pheromone_ablation_extended_30_agents,trained_without_pheromone__eval_without_pheromone,111,20,1200,1,12,False,checkpoints/mappo_g_no_pher_true/latest,0,0,0.0,0,0,0.0,0,-1,-1,-1.0,0.3423728813559322,0.0,1200
focused_pheromone_ablation_extended_30_agents,trained_without_pheromone__eval_without_pheromone,112,20,1200,1,12,False,checkpoints/mappo_g_no_pher_true/latest,0,0,0.0,0,0,0.0,0,-1,-1,-1.0,0.3169491525423729,0.0,1200
focused_pheromone_ablation_extended_30_agents,trained_without_pheromone__eval_without_pheromone,113,20,1200,1,12,False,checkpoints/mappo_g_no_pher_true/latest,10,10,1.0,7,3,0.3,10,112,170,58.0,0.38008474576271184,0.0,1200
focused_pheromone_ablation_extended_30_agents,trained_without_pheromone__eval_without_pheromone,114,20,1200,1,12,False,checkpoints/mappo_g_no_pher_true/latest,1,1,1.0,0,1,1.0,1,996,1100,104.0,0.37754237288135595,0.0,1200
focused_pheromone_ablation_extended_30_agents,trained_without_pheromone__eval_without_pheromone,115,20,1200,1,12,False,checkpoints/mappo_g_no_pher_true/latest,0,0,0.0,0,0,0.0,0,-1,-1,-1.0,0.36483050847457626,0.0,1200
focused_pheromone_ablation_extended_30_agents,trained_without_pheromone__eval_without_pheromone,116,20,1200,1,12,False,checkpoints/mappo_g_no_pher_true/latest,0,0,0.0,0,0,0.0,0,-1,-1,-1.0,0.3716101694915254,0.0,1200
focused_pheromone_ablation_extended_30_agents,trained_without_pheromone__eval_without_pheromone,117,20,1200,1,12,False,checkpoints/mappo_g_no_pher_true/latest,0,0,0.0,0,0,0.0,0,-1,-1,-1.0,0.2593220338983051,0.0,1200
focused_pheromone_ablation_extended_30_agents,trained_without_pheromone__eval_without_pheromone,118,20,1200,1,12,False,checkpoints/mappo_g_no_pher_true/latest,5,5,1.0,1,4,0.8,5,230,325,95.0,0.35847457627118645,0.0,1200
focused_pheromone_ablation_extended_30_agents,trained_without_pheromone__eval_without_pheromone,119,20,1200,1,12,False,checkpoints/mappo_g_no_pher_true/latest,1,1,1.0,1,0,0.0,1,7,197,190.0,0.29194915254237286,0.0,1200
focused_pheromone_ablation_extended_30_agents,trained_with_pheromone__eval_with_pheromone,100,30,1200,1,12,True,checkpoints/mappo_g/latest,0,0,0.0,0,0,0.0,0,-1,-1,-1.0,0.41228813559322036,0.0,1200
focused_pheromone_ablation_extended_30_agents,trained_with_pheromone__eval_with_pheromone,101,30,1200,1,12,True,checkpoints/mappo_g/latest,1,1,1.0,1,0,0.0,1,54,190,136.0,0.4266949152542373,0.001480628779735222,1200
focused_pheromone_ablation_extended_30_agents,trained_with_pheromone__eval_with_pheromone,102,30,1200,1,12,True,checkpoints/mappo_g/latest,7,6,0.8571428571428571,3,3,0.5,6,68,135,67.0,0.45296610169491525,0.003834994202697999,1200
focused_pheromone_ablation_extended_30_agents,trained_with_pheromone__eval_with_pheromone,103,30,1200,1,12,True,checkpoints/mappo_g/latest,0,0,0.0,0,0,0.0,0,-1,-1,-1.0,0.4504237288135593,0.0,1200
focused_pheromone_ablation_extended_30_agents,trained_with_pheromone__eval_with_pheromone,104,30,1200,1,12,True,checkpoints/mappo_g/latest,1,1,1.0,1,0,0.0,1,11,210,199.0,0.5394067796610169,0.003187231577830971,1200
focused_pheromone_ablation_extended_30_agents,trained_with_pheromone__eval_with_pheromone,105,30,1200,1,12,True,checkpoints/mappo_g/latest,0,0,0.0,0,0,0.0,0,-1,-1,-1.0,0.4271186440677966,0.0,1200
focused_pheromone_ablation_extended_30_agents,trained_with_pheromone__eval_with_pheromone,106,30,1200,1,12,True,checkpoints/mappo_g/latest,0,0,0.0,0,0,0.0,0,-1,-1,-1.0,0.3885593220338983,0.0,1200
focused_pheromone_ablation_extended_30_agents,trained_with_pheromone__eval_with_pheromone,107,30,1200,1,12,True,checkpoints/mappo_g/latest,0,0,0.0,0,0,0.0,0,-1,-1,-1.0,0.46059322033898303,0.0,1200
focused_pheromone_ablation_extended_30_agents,trained_with_pheromone__eval_with_pheromone,108,30,1200,1,12,True,checkpoints/mappo_g/latest,1,1,1.0,1,0,0.0,1,36,286,250.0,0.40423728813559323,0.013932569954880614,1200
focused_pheromone_ablation_extended_30_agents,trained_with_pheromone__eval_with_pheromone,109,30,1200,1,12,True,checkpoints/mappo_g/latest,0,0,0.0,0,0,0.0,0,-1,-1,-1.0,0.4542372881355932,0.0,1200
focused_pheromone_ablation_extended_30_agents,trained_with_pheromone__eval_with_pheromone,110,30,1200,1,12,True,checkpoints/mappo_g/latest,12,12,1.0,2,10,0.8333333333333334,12,93,195,102.0,0.4559322033898305,0.03665474242126709,936
focused_pheromone_ablation_extended_30_agents,trained_with_pheromone__eval_with_pheromone,111,30,1200,1,12,True,checkpoints/mappo_g/latest,0,0,0.0,0,0,0.0,0,-1,-1,-1.0,0.41059322033898304,0.0,1200
focused_pheromone_ablation_extended_30_agents,trained_with_pheromone__eval_with_pheromone,112,30,1200,1,12,True,checkpoints/mappo_g/latest,2,2,1.0,2,0,0.0,2,73,215,142.0,0.5220338983050847,0.006237302600094053,1200
focused_pheromone_ablation_extended_30_agents,trained_with_pheromone__eval_with_pheromone,113,30,1200,1,12,True,checkpoints/mappo_g/latest,12,12,1.0,7,5,0.4166666666666667,12,28,86,58.0,0.4491525423728814,0.014879438581660014,1132
focused_pheromone_ablation_extended_30_agents,trained_with_pheromone__eval_with_pheromone,114,30,1200,1,12,True,checkpoints/mappo_g/latest,1,1,1.0,0,1,1.0,1,373,531,158.0,0.46271186440677964,0.0011040244296180188,1200
focused_pheromone_ablation_extended_30_agents,trained_with_pheromone__eval_with_pheromone,115,30,1200,1,12,True,checkpoints/mappo_g/latest,0,0,0.0,0,0,0.0,0,-1,-1,-1.0,0.4173728813559322,0.0,1200
focused_pheromone_ablation_extended_30_agents,trained_with_pheromone__eval_with_pheromone,116,30,1200,1,12,True,checkpoints/mappo_g/latest,0,0,0.0,0,0,0.0,0,-1,-1,-1.0,0.4470338983050847,0.0,1200
focused_pheromone_ablation_extended_30_agents,trained_with_pheromone__eval_with_pheromone,117,30,1200,1,12,True,checkpoints/mappo_g/latest,0,0,0.0,0,0,0.0,0,-1,-1,-1.0,0.3864406779661017,0.0,1200
focused_pheromone_ablation_extended_30_agents,trained_with_pheromone__eval_with_pheromone,118,30,1200,1,12,True,checkpoints/mappo_g/latest,0,0,0.0,0,0,0.0,0,-1,-1,-1.0,0.35296610169491527,0.0,1200
focused_pheromone_ablation_extended_30_agents,trained_with_pheromone__eval_with_pheromone,119,30,1200,1,12,True,checkpoints/mappo_g/latest,0,0,0.0,0,0,0.0,0,-1,-1,-1.0,0.3788135593220339,0.0,1200
focused_pheromone_ablation_extended_30_agents,trained_with_pheromone__eval_without_pheromone,100,30,1200,1,12,False,checkpoints/mappo_g/latest,0,0,0.0,0,0,0.0,0,-1,-1,-1.0,0.41228813559322036,0.0,1200
focused_pheromone_ablation_extended_30_agents,trained_with_pheromone__eval_without_pheromone,101,30,1200,1,12,False,checkpoints/mappo_g/latest,1,1,1.0,1,0,0.0,1,54,191,137.0,0.44449152542372883,0.0,1200
focused_pheromone_ablation_extended_30_agents,trained_with_pheromone__eval_without_pheromone,102,30,1200,1,12,False,checkpoints/mappo_g/latest,4,3,0.75,2,1,0.3333333333333333,3,68,135,67.0,0.4398305084745763,0.0,1200
focused_pheromone_ablation_extended_30_agents,trained_with_pheromone__eval_without_pheromone,103,30,1200,1,12,False,checkpoints/mappo_g/latest,0,0,0.0,0,0,0.0,0,-1,-1,-1.0,0.41991525423728815,0.0,1200
focused_pheromone_ablation_extended_30_agents,trained_with_pheromone__eval_without_pheromone,104,30,1200,1,12,False,checkpoints/mappo_g/latest,0,0,0.0,0,0,0.0,0,-1,-1,-1.0,0.4588983050847458,0.0,1200
focused_pheromone_ablation_extended_30_agents,trained_with_pheromone__eval_without_pheromone,105,30,1200,1,12,False,checkpoints/mappo_g/latest,0,0,0.0,0,0,0.0,0,-1,-1,-1.0,0.40932203389830507,0.0,1200
focused_pheromone_ablation_extended_30_agents,trained_with_pheromone__eval_without_pheromone,106,30,1200,1,12,False,checkpoints/mappo_g/latest,12,12,1.0,7,5,0.4166666666666667,12,5,86,81.0,0.5233050847457628,0.0,676
focused_pheromone_ablation_extended_30_agents,trained_with_pheromone__eval_without_pheromone,107,30,1200,1,12,False,checkpoints/mappo_g/latest,0,0,0.0,0,0,0.0,0,-1,-1,-1.0,0.46059322033898303,0.0,1200
focused_pheromone_ablation_extended_30_agents,trained_with_pheromone__eval_without_pheromone,108,30,1200,1,12,False,checkpoints/mappo_g/latest,1,1,1.0,1,0,0.0,1,36,314,278.0,0.4038135593220339,0.0,1200
focused_pheromone_ablation_extended_30_agents,trained_with_pheromone__eval_without_pheromone,109,30,1200,1,12,False,checkpoints/mappo_g/latest,1,1,1.0,1,0,0.0,1,2,63,61.0,0.4516949152542373,0.0,1200
focused_pheromone_ablation_extended_30_agents,trained_with_pheromone__eval_without_pheromone,110,30,1200,1,12,False,checkpoints/mappo_g/latest,0,0,0.0,0,0,0.0,0,-1,-1,-1.0,0.38516949152542374,0.0,1200
focused_pheromone_ablation_extended_30_agents,trained_with_pheromone__eval_without_pheromone,111,30,1200,1,12,False,checkpoints/mappo_g/latest,0,0,0.0,0,0,0.0,0,-1,-1,-1.0,0.41059322033898304,0.0,1200
focused_pheromone_ablation_extended_30_agents,trained_with_pheromone__eval_without_pheromone,112,30,1200,1,12,False,checkpoints/mappo_g/latest,3,3,1.0,3,0,0.0,3,73,200,127.0,0.5258474576271186,0.0,1200
focused_pheromone_ablation_extended_30_agents,trained_with_pheromone__eval_without_pheromone,113,30,1200,1,12,False,checkpoints/mappo_g/latest,12,12,1.0,5,7,0.5833333333333334,12,28,77,49.0,0.451271186440678,0.0,940
focused_pheromone_ablation_extended_30_agents,trained_with_pheromone__eval_without_pheromone,114,30,1200,1,12,False,checkpoints/mappo_g/latest,12,12,1.0,6,6,0.5,12,5,132,127.0,0.48898305084745763,0.0,924
focused_pheromone_ablation_extended_30_agents,trained_with_pheromone__eval_without_pheromone,115,30,1200,1,12,False,checkpoints/mappo_g/latest,1,1,1.0,1,0,0.0,1,6,303,297.0,0.45677966101694917,0.0,1200
focused_pheromone_ablation_extended_30_agents,trained_with_pheromone__eval_without_pheromone,116,30,1200,1,12,False,checkpoints/mappo_g/latest,0,0,0.0,0,0,0.0,0,-1,-1,-1.0,0.4470338983050847,0.0,1200
focused_pheromone_ablation_extended_30_agents,trained_with_pheromone__eval_without_pheromone,117,30,1200,1,12,False,checkpoints/mappo_g/latest,0,0,0.0,0,0,0.0,0,-1,-1,-1.0,0.3864406779661017,0.0,1200
focused_pheromone_ablation_extended_30_agents,trained_with_pheromone__eval_without_pheromone,118,30,1200,1,12,False,checkpoints/mappo_g/latest,0,0,0.0,0,0,0.0,0,-1,-1,-1.0,0.35296610169491527,0.0,1200
focused_pheromone_ablation_extended_30_agents,trained_with_pheromone__eval_without_pheromone,119,30,1200,1,12,False,checkpoints/mappo_g/latest,0,0,0.0,0,0,0.0,0,-1,-1,-1.0,0.3788135593220339,0.0,1200
focused_pheromone_ablation_extended_30_agents,trained_without_pheromone__eval_without_pheromone,100,30,1200,1,12,False,checkpoints/mappo_g_no_pher_true/latest,0,0,0.0,0,0,0.0,0,-1,-1,-1.0,0.3961864406779661,0.0,1200
focused_pheromone_ablation_extended_30_agents,trained_without_pheromone__eval_without_pheromone,101,30,1200,1,12,False,checkpoints/mappo_g_no_pher_true/latest,0,0,0.0,0,0,0.0,0,-1,-1,-1.0,0.373728813559322,0.0,1200
focused_pheromone_ablation_extended_30_agents,trained_without_pheromone__eval_without_pheromone,102,30,1200,1,12,False,checkpoints/mappo_g_no_pher_true/latest,12,12,1.0,4,8,0.6666666666666666,12,68,140,72.0,0.4402542372881356,0.0,1161
focused_pheromone_ablation_extended_30_agents,trained_without_pheromone__eval_without_pheromone,103,30,1200,1,12,False,checkpoints/mappo_g_no_pher_true/latest,0,0,0.0,0,0,0.0,0,-1,-1,-1.0,0.44872881355932204,0.0,1200
focused_pheromone_ablation_extended_30_agents,trained_without_pheromone__eval_without_pheromone,104,30,1200,1,12,False,checkpoints/mappo_g_no_pher_true/latest,0,0,0.0,0,0,0.0,0,-1,-1,-1.0,0.423728813559322,0.0,1200
focused_pheromone_ablation_extended_30_agents,trained_without_pheromone__eval_without_pheromone,105,30,1200,1,12,False,checkpoints/mappo_g_no_pher_true/latest,2,2,1.0,2,0,0.0,2,20,200,180.0,0.43728813559322033,0.0,1200
focused_pheromone_ablation_extended_30_agents,trained_without_pheromone__eval_without_pheromone,106,30,1200,1,12,False,checkpoints/mappo_g_no_pher_true/latest,1,1,1.0,1,0,0.0,1,43,214,171.0,0.4186440677966102,0.0,1200
focused_pheromone_ablation_extended_30_agents,trained_without_pheromone__eval_without_pheromone,107,30,1200,1,12,False,checkpoints/mappo_g_no_pher_true/latest,0,0,0.0,0,0,0.0,0,-1,-1,-1.0,0.40847457627118644,0.0,1200
focused_pheromone_ablation_extended_30_agents,trained_without_pheromone__eval_without_pheromone,108,30,1200,1,12,False,checkpoints/mappo_g_no_pher_true/latest,1,1,1.0,1,0,0.0,1,41,258,217.0,0.3995762711864407,0.0,1200
focused_pheromone_ablation_extended_30_agents,trained_without_pheromone__eval_without_pheromone,109,30,1200,1,12,False,checkpoints/mappo_g_no_pher_true/latest,2,2,1.0,2,0,0.0,2,115,231,116.0,0.4483050847457627,0.0,1200
focused_pheromone_ablation_extended_30_agents,trained_without_pheromone__eval_without_pheromone,110,30,1200,1,12,False,checkpoints/mappo_g_no_pher_true/latest,0,0,0.0,0,0,0.0,0,-1,-1,-1.0,0.3847457627118644,0.0,1200
focused_pheromone_ablation_extended_30_agents,trained_without_pheromone__eval_without_pheromone,111,30,1200,1,12,False,checkpoints/mappo_g_no_pher_true/latest,0,0,0.0,0,0,0.0,0,-1,-1,-1.0,0.39788135593220336,0.0,1200
focused_pheromone_ablation_extended_30_agents,trained_without_pheromone__eval_without_pheromone,112,30,1200,1,12,False,checkpoints/mappo_g_no_pher_true/latest,1,1,1.0,1,0,0.0,1,15,285,270.0,0.5440677966101695,0.0,1200
focused_pheromone_ablation_extended_30_agents,trained_without_pheromone__eval_without_pheromone,113,30,1200,1,12,False,checkpoints/mappo_g_no_pher_true/latest,12,11,0.9166666666666666,6,5,0.45454545454545453,11,28,95,67.0,0.4233050847457627,0.0,1200
focused_pheromone_ablation_extended_30_agents,trained_without_pheromone__eval_without_pheromone,114,30,1200,1,12,False,checkpoints/mappo_g_no_pher_true/latest,12,12,1.0,5,7,0.5833333333333334,12,5,82,77.0,0.4555084745762712,0.0,708
focused_pheromone_ablation_extended_30_agents,trained_without_pheromone__eval_without_pheromone,115,30,1200,1,12,False,checkpoints/mappo_g_no_pher_true/latest,0,0,0.0,0,0,0.0,0,-1,-1,-1.0,0.3885593220338983,0.0,1200
focused_pheromone_ablation_extended_30_agents,trained_without_pheromone__eval_without_pheromone,116,30,1200,1,12,False,checkpoints/mappo_g_no_pher_true/latest,9,6,0.6666666666666666,4,2,0.3333333333333333,6,3,134,131.0,0.4788135593220339,0.0,1200
focused_pheromone_ablation_extended_30_agents,trained_without_pheromone__eval_without_pheromone,117,30,1200,1,12,False,checkpoints/mappo_g_no_pher_true/latest,0,0,0.0,0,0,0.0,0,-1,-1,-1.0,0.3809322033898305,0.0,1200
focused_pheromone_ablation_extended_30_agents,trained_without_pheromone__eval_without_pheromone,118,30,1200,1,12,False,checkpoints/mappo_g_no_pher_true/latest,4,4,1.0,1,3,0.75,4,184,268,84.0,0.4067796610169492,0.0,1200
focused_pheromone_ablation_extended_30_agents,trained_without_pheromone__eval_without_pheromone,119,30,1200,1,12,False,checkpoints/mappo_g_no_pher_true/latest,3,3,1.0,2,1,0.3333333333333333,3,99,201,102.0,0.41228813559322036,0.0,1200
